<root>
    <item name='javax.annotation.meta.When UNKNOWN'>
        <annotation name='org.jetbrains.annotations.NotNull'/>
    </item>
    <item name='javax.annotation.meta.When ALWAYS'>
        <annotation name='org.jetbrains.annotations.NotNull'/>
    </item>
    <item name='javax.annotation.meta.When MAYBE'>
        <annotation name='org.jetbrains.annotations.NotNull'/>
    </item>
    <item name='javax.annotation.meta.When NEVER'>
        <annotation name='org.jetbrains.annotations.NotNull'/>
    </item>
    <item name='javax.annotation.meta.TypeQualifierValidator javax.annotation.meta.When forConstantValue(A, java.lang.Object) 0'>
        <annotation name='org.jetbrains.annotations.NotNull'/>
    </item>
    <item name='javax.annotation.meta.TypeQualifierValidator javax.annotation.meta.When forConstantValue(A, java.lang.Object)'>
        <annotation name='org.jetbrains.annotations.NotNull'/>
    </item>
</root>
