<root>
    <item name='com.google.android.gms.dynamic.zza void zzb(android.widget.FrameLayout) 0'>
        <annotation name='org.jetbrains.annotations.NotNull'/>
    </item>
    <item name='com.google.android.gms.dynamic.zza void zza(android.widget.FrameLayout) 0'>
        <annotation name='org.jetbrains.annotations.NotNull'/>
    </item>
    <item name='com.google.android.gms.dynamic.zza android.view.View onCreateView(android.view.LayoutInflater, android.view.ViewGroup, android.os.Bundle) 0'>
        <annotation name='org.jetbrains.annotations.NotNull'/>
    </item>
    <item name='com.google.android.gms.dynamic.zza android.view.View onCreateView(android.view.LayoutInflater, android.view.ViewGroup, android.os.Bundle)'>
        <annotation name='org.jetbrains.annotations.NotNull'/>
    </item>
</root>
