<root>
    <item name='org.kxml2.wap.wv.WV tagTablePage9'>
        <annotation name='org.jetbrains.annotations.NotNull'/>
    </item>
    <item name='org.kxml2.wap.wv.WV tagTablePage8'>
        <annotation name='org.jetbrains.annotations.NotNull'/>
    </item>
    <item name='org.kxml2.wap.wv.WV tagTablePage7'>
        <annotation name='org.jetbrains.annotations.NotNull'/>
    </item>
    <item name='org.kxml2.wap.wv.WV tagTablePage6'>
        <annotation name='org.jetbrains.annotations.NotNull'/>
    </item>
    <item name='org.kxml2.wap.wv.WV attrStartTable'>
        <annotation name='org.jetbrains.annotations.NotNull'/>
    </item>
    <item name='org.kxml2.wap.wv.WV tagTablePage5'>
        <annotation name='org.jetbrains.annotations.NotNull'/>
    </item>
    <item name='org.kxml2.wap.wv.WV tagTablePage4'>
        <annotation name='org.jetbrains.annotations.NotNull'/>
    </item>
    <item name='org.kxml2.wap.wv.WV org.kxml2.wap.WbxmlParser createParser()'>
        <annotation name='org.jetbrains.annotations.NotNull'/>
    </item>
    <item name='org.kxml2.wap.wv.WV tagTablePage3'>
        <annotation name='org.jetbrains.annotations.NotNull'/>
    </item>
    <item name='org.kxml2.wap.wv.WV tagTablePage2'>
        <annotation name='org.jetbrains.annotations.NotNull'/>
    </item>
    <item name='org.kxml2.wap.wv.WV tagTablePage1'>
        <annotation name='org.jetbrains.annotations.NotNull'/>
    </item>
    <item name='org.kxml2.wap.wv.WV tagTablePage0'>
        <annotation name='org.jetbrains.annotations.NotNull'/>
    </item>
    <item name='org.kxml2.wap.wv.WV attrValueTable'>
        <annotation name='org.jetbrains.annotations.NotNull'/>
    </item>
    <item name='org.kxml2.wap.wv.WV tagTablePageA'>
        <annotation name='org.jetbrains.annotations.NotNull'/>
    </item>
</root>
