<root>
    <item name='com.google.android.gms.common.GoogleApiAvailability GOOGLE_PLAY_SERVICES_PACKAGE'>
        <annotation name='org.jetbrains.annotations.NotNull'/>
    </item>
    <item name='com.google.android.gms.common.SignInButton SignInButton(android.content.Context, android.util.AttributeSet) 0'>
        <annotation name='org.jetbrains.annotations.NotNull'/>
    </item>
    <item name='com.google.android.gms.common.GoogleApiAvailability void showErrorNotification(android.content.Context, com.google.android.gms.common.ConnectionResult) 1'>
        <annotation name='org.jetbrains.annotations.NotNull'/>
    </item>
    <item name='com.google.android.gms.common.GooglePlayServicesUtil GMS_ERROR_DIALOG'>
        <annotation name='org.jetbrains.annotations.NotNull'/>
    </item>
    <item name='com.google.android.gms.common.SupportErrorDialogFragment com.google.android.gms.common.SupportErrorDialogFragment newInstance(android.app.Dialog, android.content.DialogInterface.OnCancelListener)'>
        <annotation name='org.jetbrains.annotations.NotNull'/>
    </item>
    <item name='com.google.android.gms.common.GoogleApiAvailability com.google.android.gms.common.GoogleApiAvailability getInstance()'>
        <annotation name='org.jetbrains.annotations.NotNull'/>
    </item>
    <item name='com.google.android.gms.common.SignInButton SignInButton(android.content.Context) 0'>
        <annotation name='org.jetbrains.annotations.NotNull'/>
    </item>
    <item name='com.google.android.gms.common.GoogleApiAvailability com.google.android.gms.tasks.Task&lt;java.lang.Void&gt; checkApiAvailability(com.google.android.gms.common.api.GoogleApi&lt;?&gt;, com.google.android.gms.common.api.GoogleApi&lt;?&gt;...) 1'>
        <annotation name='org.jetbrains.annotations.NotNull'/>
    </item>
    <item name='com.google.android.gms.common.GoogleApiAvailability android.app.Dialog zza(android.app.Activity, android.content.DialogInterface.OnCancelListener) 0'>
        <annotation name='org.jetbrains.annotations.NotNull'/>
    </item>
    <item name='com.google.android.gms.common.ErrorDialogFragment com.google.android.gms.common.ErrorDialogFragment newInstance(android.app.Dialog, android.content.DialogInterface.OnCancelListener)'>
        <annotation name='org.jetbrains.annotations.NotNull'/>
    </item>
    <item name='com.google.android.gms.common.GoogleApiAvailability com.google.android.gms.common.api.internal.zzbx zza(android.content.Context, com.google.android.gms.common.api.internal.zzby) 0'>
        <annotation name='org.jetbrains.annotations.NotNull'/>
    </item>
    <item name='com.google.android.gms.common.GooglePlayServicesUtil GOOGLE_PLAY_SERVICES_PACKAGE'>
        <annotation name='org.jetbrains.annotations.NotNull'/>
    </item>
    <item name='com.google.android.gms.common.SignInButton SignInButton(android.content.Context, android.util.AttributeSet, int) 0'>
        <annotation name='org.jetbrains.annotations.NotNull'/>
    </item>
    <item name='com.google.android.gms.common.SupportErrorDialogFragment com.google.android.gms.common.SupportErrorDialogFragment newInstance(android.app.Dialog)'>
        <annotation name='org.jetbrains.annotations.NotNull'/>
    </item>
    <item name='com.google.android.gms.common.ErrorDialogFragment com.google.android.gms.common.ErrorDialogFragment newInstance(android.app.Dialog)'>
        <annotation name='org.jetbrains.annotations.NotNull'/>
    </item>
    <item name='com.google.android.gms.common.GooglePlayServicesUtil GOOGLE_PLAY_STORE_PACKAGE'>
        <annotation name='org.jetbrains.annotations.NotNull'/>
    </item>
    <item name='com.google.android.gms.common.GoogleApiAvailability android.app.PendingIntent getErrorResolutionPendingIntent(android.content.Context, com.google.android.gms.common.ConnectionResult) 1'>
        <annotation name='org.jetbrains.annotations.NotNull'/>
    </item>
    <item name='com.google.android.gms.common.GoogleApiAvailability boolean zza(android.content.Context, com.google.android.gms.common.ConnectionResult, int) 1'>
        <annotation name='org.jetbrains.annotations.NotNull'/>
    </item>
</root>
