<root>
    <item name='android.support.graphics.drawable.BuildConfig APPLICATION_ID'>
        <annotation name='org.jetbrains.annotations.NotNull'/>
    </item>
    <item name='android.support.graphics.drawable.BuildConfig FLAVOR'>
        <annotation name='org.jetbrains.annotations.NotNull'/>
    </item>
    <item name='android.support.graphics.drawable.VectorDrawableCompat android.graphics.drawable.Drawable mutate()'>
        <annotation name='org.jetbrains.annotations.NotNull'/>
    </item>
    <item name='android.support.graphics.drawable.VectorDrawableCompat android.support.graphics.drawable.VectorDrawableCompat createFromXmlInner(android.content.res.Resources, org.xmlpull.v1.XmlPullParser, android.util.AttributeSet, android.content.res.Resources.Theme)'>
        <annotation name='org.jetbrains.annotations.NotNull'/>
    </item>
    <item name='android.support.graphics.drawable.BuildConfig BUILD_TYPE'>
        <annotation name='org.jetbrains.annotations.NotNull'/>
    </item>
    <item name='android.support.graphics.drawable.BuildConfig VERSION_NAME'>
        <annotation name='org.jetbrains.annotations.NotNull'/>
    </item>
</root>
