<root>
    <item name='org.xmlpull.v1.XmlPullParser java.lang.String getAttributeType(int)'>
        <annotation name='org.jetbrains.annotations.NotNull'/>
        <annotation name='org.jetbrains.kannotator.runtime.annotations.Propagated'>
            <val name="value" val="{org.jetbrains.kannotator.controlFlow.builder.analysis.NullabilityKey.class}"/>
        </annotation>
    </item>
    <item name='org.xmlpull.v1.XmlSerializer void ignorableWhitespace(java.lang.String) 0'>
        <annotation name='org.jetbrains.annotations.NotNull'/>
        <annotation name='org.jetbrains.kannotator.runtime.annotations.Propagated'>
            <val name="value" val="{org.jetbrains.kannotator.controlFlow.builder.analysis.NullabilityKey.class}"/>
        </annotation>
    </item>
    <item name='org.xmlpull.v1.XmlSerializer java.lang.Object getProperty(java.lang.String) 0'>
        <annotation name='org.jetbrains.annotations.NotNull'/>
        <annotation name='org.jetbrains.kannotator.runtime.annotations.Propagated'>
            <val name="value" val="{org.jetbrains.kannotator.controlFlow.builder.analysis.NullabilityKey.class}"/>
        </annotation>
    </item>
    <item name='org.xmlpull.v1.XmlPullParser void setProperty(java.lang.String, java.lang.Object) 0'>
        <annotation name='org.jetbrains.annotations.NotNull'/>
        <annotation name='org.jetbrains.kannotator.runtime.annotations.Propagated'>
            <val name="value" val="{org.jetbrains.kannotator.controlFlow.builder.analysis.NullabilityKey.class}"/>
        </annotation>
    </item>
    <item name='org.xmlpull.v1.XmlPullParser char[] getTextCharacters(int[]) 0'>
        <annotation name='org.jetbrains.annotations.NotNull'/>
        <annotation name='org.jetbrains.kannotator.runtime.annotations.Propagated'>
            <val name="value" val="{org.jetbrains.kannotator.controlFlow.builder.analysis.NullabilityKey.class}"/>
        </annotation>
    </item>
    <item name='org.xmlpull.v1.XmlSerializer org.xmlpull.v1.XmlSerializer endTag(java.lang.String, java.lang.String)'>
        <annotation name='org.jetbrains.annotations.NotNull'/>
        <annotation name='org.jetbrains.kannotator.runtime.annotations.Propagated'>
            <val name="value" val="{org.jetbrains.kannotator.controlFlow.builder.analysis.NullabilityKey.class}"/>
        </annotation>
    </item>
    <item name='org.xmlpull.v1.XmlSerializer org.xmlpull.v1.XmlSerializer startTag(java.lang.String, java.lang.String)'>
        <annotation name='org.jetbrains.annotations.NotNull'/>
        <annotation name='org.jetbrains.kannotator.runtime.annotations.Propagated'>
            <val name="value" val="{org.jetbrains.kannotator.controlFlow.builder.analysis.NullabilityKey.class}"/>
        </annotation>
    </item>
    <item name='org.xmlpull.v1.XmlSerializer org.xmlpull.v1.XmlSerializer text(java.lang.String) 0'>
        <annotation name='org.jetbrains.annotations.NotNull'/>
        <annotation name='org.jetbrains.kannotator.runtime.annotations.Propagated'>
            <val name="value" val="{org.jetbrains.kannotator.controlFlow.builder.analysis.NullabilityKey.class}"/>
        </annotation>
    </item>
    <item name='org.xmlpull.v1.XmlPullParserFactory org.xmlpull.v1.XmlPullParserFactory newInstance()'>
        <annotation name='org.jetbrains.annotations.NotNull'/>
    </item>
    <item name='org.xmlpull.v1.XmlSerializer void setProperty(java.lang.String, java.lang.Object) 0'>
        <annotation name='org.jetbrains.annotations.NotNull'/>
        <annotation name='org.jetbrains.kannotator.runtime.annotations.Propagated'>
            <val name="value" val="{org.jetbrains.kannotator.controlFlow.builder.analysis.NullabilityKey.class}"/>
        </annotation>
    </item>
    <item name='org.xmlpull.v1.XmlPullParser FEATURE_REPORT_NAMESPACE_ATTRIBUTES'>
        <annotation name='org.jetbrains.annotations.NotNull'/>
    </item>
    <item name='org.xmlpull.v1.XmlPullParser TYPES'>
        <annotation name='org.jetbrains.annotations.NotNull'/>
    </item>
    <item name='org.xmlpull.v1.XmlPullParser NO_NAMESPACE'>
        <annotation name='org.jetbrains.annotations.NotNull'/>
    </item>
    <item name='org.xmlpull.v1.XmlSerializer void setOutput(java.io.OutputStream, java.lang.String) 0'>
        <annotation name='org.jetbrains.annotations.NotNull'/>
        <annotation name='org.jetbrains.kannotator.runtime.annotations.Propagated'>
            <val name="value" val="{org.jetbrains.kannotator.controlFlow.builder.analysis.NullabilityKey.class}"/>
        </annotation>
    </item>
    <item name='org.xmlpull.v1.XmlPullParser void setInput(java.io.InputStream, java.lang.String) 0'>
        <annotation name='org.jetbrains.annotations.NotNull'/>
        <annotation name='org.jetbrains.kannotator.runtime.annotations.Propagated'>
            <val name="value" val="{org.jetbrains.kannotator.controlFlow.builder.analysis.NullabilityKey.class}"/>
        </annotation>
    </item>
    <item name='org.xmlpull.v1.XmlPullParserFactory PROPERTY_NAME'>
        <annotation name='org.jetbrains.annotations.NotNull'/>
    </item>
    <item name='org.xmlpull.v1.XmlPullParser java.lang.Object getProperty(java.lang.String) 0'>
        <annotation name='org.jetbrains.annotations.NotNull'/>
        <annotation name='org.jetbrains.kannotator.runtime.annotations.Propagated'>
            <val name="value" val="{org.jetbrains.kannotator.controlFlow.builder.analysis.NullabilityKey.class}"/>
        </annotation>
    </item>
    <item name='org.xmlpull.v1.XmlPullParser FEATURE_PROCESS_DOCDECL'>
        <annotation name='org.jetbrains.annotations.NotNull'/>
    </item>
    <item name='org.xmlpull.v1.XmlPullParser FEATURE_VALIDATION'>
        <annotation name='org.jetbrains.annotations.NotNull'/>
    </item>
    <item name='org.xmlpull.v1.XmlSerializer org.xmlpull.v1.XmlSerializer attribute(java.lang.String, java.lang.String, java.lang.String)'>
        <annotation name='org.jetbrains.annotations.NotNull'/>
        <annotation name='org.jetbrains.kannotator.runtime.annotations.Propagated'>
            <val name="value" val="{org.jetbrains.kannotator.controlFlow.builder.analysis.NullabilityKey.class}"/>
        </annotation>
    </item>
    <item name='org.xmlpull.v1.XmlPullParser FEATURE_PROCESS_NAMESPACES'>
        <annotation name='org.jetbrains.annotations.NotNull'/>
    </item>
    <item name='org.xmlpull.v1.XmlSerializer org.xmlpull.v1.XmlSerializer attribute(java.lang.String, java.lang.String, java.lang.String) 2'>
        <annotation name='org.jetbrains.annotations.NotNull'/>
        <annotation name='org.jetbrains.kannotator.runtime.annotations.Propagated'>
            <val name="value" val="{org.jetbrains.kannotator.controlFlow.builder.analysis.NullabilityKey.class}"/>
        </annotation>
    </item>
    <item name='org.xmlpull.v1.XmlPullParserFactory org.xmlpull.v1.XmlPullParserFactory newInstance(java.lang.String, java.lang.Class)'>
        <annotation name='org.jetbrains.annotations.NotNull'/>
    </item>
    <item name='org.xmlpull.v1.XmlSerializer void cdsect(java.lang.String) 0'>
        <annotation name='org.jetbrains.annotations.NotNull'/>
        <annotation name='org.jetbrains.kannotator.runtime.annotations.Propagated'>
            <val name="value" val="{org.jetbrains.kannotator.controlFlow.builder.analysis.NullabilityKey.class}"/>
        </annotation>
    </item>
    <item name='org.xmlpull.v1.XmlSerializer org.xmlpull.v1.XmlSerializer text(java.lang.String)'>
        <annotation name='org.jetbrains.annotations.NotNull'/>
        <annotation name='org.jetbrains.kannotator.runtime.annotations.Propagated'>
            <val name="value" val="{org.jetbrains.kannotator.controlFlow.builder.analysis.NullabilityKey.class}"/>
        </annotation>
    </item>
    <item name='org.xmlpull.v1.XmlSerializer org.xmlpull.v1.XmlSerializer text(char[], int, int)'>
        <annotation name='org.jetbrains.annotations.NotNull'/>
        <annotation name='org.jetbrains.kannotator.runtime.annotations.Propagated'>
            <val name="value" val="{org.jetbrains.kannotator.controlFlow.builder.analysis.NullabilityKey.class}"/>
        </annotation>
    </item>
</root>
