<root>
    <item name='com.google.android.gms.dynamic.zzj void zzv(com.google.android.gms.dynamic.IObjectWrapper) 0'>
        <annotation name='org.jetbrains.annotations.NotNull'/>
    </item>
    <item name='com.google.android.gms.dynamic.zzj com.google.android.gms.dynamic.IObjectWrapper getView()'>
        <annotation name='org.jetbrains.annotations.NotNull'/>
    </item>
    <item name='com.google.android.gms.dynamic.zzn T zzx(com.google.android.gms.dynamic.IObjectWrapper) 0'>
        <annotation name='org.jetbrains.annotations.NotNull'/>
    </item>
    <item name='com.google.android.gms.dynamic.zzk com.google.android.gms.dynamic.IObjectWrapper getView()'>
        <annotation name='org.jetbrains.annotations.NotNull'/>
        <annotation name='org.jetbrains.kannotator.runtime.annotations.Propagated'>
            <val name="value" val="{org.jetbrains.kannotator.controlFlow.builder.analysis.NullabilityKey.class}"/>
        </annotation>
    </item>
    <item name='com.google.android.gms.dynamic.zzr void zzw(com.google.android.gms.dynamic.IObjectWrapper) 0'>
        <annotation name='org.jetbrains.annotations.NotNull'/>
    </item>
    <item name='com.google.android.gms.dynamic.zzj void zzw(com.google.android.gms.dynamic.IObjectWrapper) 0'>
        <annotation name='org.jetbrains.annotations.NotNull'/>
    </item>
    <item name='com.google.android.gms.dynamic.zzk void zzw(com.google.android.gms.dynamic.IObjectWrapper) 0'>
        <annotation name='org.jetbrains.annotations.NotNull'/>
        <annotation name='org.jetbrains.kannotator.runtime.annotations.Propagated'>
            <val name="value" val="{org.jetbrains.kannotator.controlFlow.builder.analysis.NullabilityKey.class}"/>
        </annotation>
    </item>
    <item name='com.google.android.gms.dynamic.zzr void zzv(com.google.android.gms.dynamic.IObjectWrapper) 0'>
        <annotation name='org.jetbrains.annotations.NotNull'/>
    </item>
    <item name='com.google.android.gms.dynamic.zzn com.google.android.gms.dynamic.IObjectWrapper zzz(T)'>
        <annotation name='org.jetbrains.annotations.NotNull'/>
    </item>
    <item name='com.google.android.gms.dynamic.zzr com.google.android.gms.dynamic.IObjectWrapper getView()'>
        <annotation name='org.jetbrains.annotations.NotNull'/>
    </item>
    <item name='com.google.android.gms.dynamic.zzr com.google.android.gms.dynamic.IObjectWrapper zzapz()'>
        <annotation name='org.jetbrains.annotations.NotNull'/>
    </item>
    <item name='com.google.android.gms.dynamic.zzj com.google.android.gms.dynamic.IObjectWrapper zzapz()'>
        <annotation name='org.jetbrains.annotations.NotNull'/>
    </item>
    <item name='com.google.android.gms.dynamic.zzk com.google.android.gms.dynamic.IObjectWrapper zzapz()'>
        <annotation name='org.jetbrains.annotations.NotNull'/>
        <annotation name='org.jetbrains.kannotator.runtime.annotations.Propagated'>
            <val name="value" val="{org.jetbrains.kannotator.controlFlow.builder.analysis.NullabilityKey.class}"/>
        </annotation>
    </item>
    <item name='com.google.android.gms.dynamic.zzk void zzv(com.google.android.gms.dynamic.IObjectWrapper) 0'>
        <annotation name='org.jetbrains.annotations.NotNull'/>
        <annotation name='org.jetbrains.kannotator.runtime.annotations.Propagated'>
            <val name="value" val="{org.jetbrains.kannotator.controlFlow.builder.analysis.NullabilityKey.class}"/>
        </annotation>
    </item>
    <item name='com.google.android.gms.dynamic.zzr com.google.android.gms.dynamic.IObjectWrapper zzapx()'>
        <annotation name='org.jetbrains.annotations.NotNull'/>
    </item>
    <item name='com.google.android.gms.dynamic.zzj com.google.android.gms.dynamic.IObjectWrapper zzapx()'>
        <annotation name='org.jetbrains.annotations.NotNull'/>
    </item>
    <item name='com.google.android.gms.dynamic.zzk com.google.android.gms.dynamic.IObjectWrapper zzapx()'>
        <annotation name='org.jetbrains.annotations.NotNull'/>
        <annotation name='org.jetbrains.kannotator.runtime.annotations.Propagated'>
            <val name="value" val="{org.jetbrains.kannotator.controlFlow.builder.analysis.NullabilityKey.class}"/>
        </annotation>
    </item>
</root>
