<root>
    <item name='org.kxml2.io.KXmlSerializer void ignorableWhitespace(java.lang.String) 0'>
        <annotation name='org.jetbrains.annotations.NotNull'/>
    </item>
    <item name='org.kxml2.io.KXmlParser java.lang.Object getProperty(java.lang.String) 0'>
        <annotation name='org.jetbrains.annotations.NotNull'/>
    </item>
    <item name='org.kxml2.io.KXmlSerializer org.xmlpull.v1.XmlSerializer endTag(java.lang.String, java.lang.String)'>
        <annotation name='org.jetbrains.annotations.NotNull'/>
    </item>
    <item name='org.kxml2.io.KXmlSerializer org.xmlpull.v1.XmlSerializer text(java.lang.String) 0'>
        <annotation name='org.jetbrains.annotations.NotNull'/>
    </item>
    <item name='org.kxml2.io.KXmlSerializer java.lang.Object getProperty(java.lang.String) 0'>
        <annotation name='org.jetbrains.annotations.NotNull'/>
        <annotation name='org.jetbrains.kannotator.runtime.annotations.Propagated'>
            <val name="value" val="{org.jetbrains.kannotator.controlFlow.builder.analysis.NullabilityKey.class}"/>
        </annotation>
    </item>
    <item name='org.kxml2.io.KXmlParser char[] getTextCharacters(int[]) 0'>
        <annotation name='org.jetbrains.annotations.NotNull'/>
    </item>
    <item name='org.kxml2.io.KXmlParser java.lang.String getAttributeType(int)'>
        <annotation name='org.jetbrains.annotations.NotNull'/>
    </item>
    <item name='org.kxml2.io.KXmlSerializer org.xmlpull.v1.XmlSerializer startTag(java.lang.String, java.lang.String)'>
        <annotation name='org.jetbrains.annotations.NotNull'/>
    </item>
    <item name='org.kxml2.io.KXmlSerializer org.xmlpull.v1.XmlSerializer attribute(java.lang.String, java.lang.String, java.lang.String)'>
        <annotation name='org.jetbrains.annotations.NotNull'/>
    </item>
    <item name='org.kxml2.io.KXmlSerializer org.xmlpull.v1.XmlSerializer attribute(java.lang.String, java.lang.String, java.lang.String) 2'>
        <annotation name='org.jetbrains.annotations.NotNull'/>
    </item>
    <item name='org.kxml2.io.KXmlSerializer void setProperty(java.lang.String, java.lang.Object) 0'>
        <annotation name='org.jetbrains.annotations.NotNull'/>
        <annotation name='org.jetbrains.kannotator.runtime.annotations.Propagated'>
            <val name="value" val="{org.jetbrains.kannotator.controlFlow.builder.analysis.NullabilityKey.class}"/>
        </annotation>
    </item>
    <item name='org.kxml2.io.KXmlSerializer void cdsect(java.lang.String) 0'>
        <annotation name='org.jetbrains.annotations.NotNull'/>
        <annotation name='org.jetbrains.kannotator.runtime.annotations.Propagated'>
            <val name="value" val="{org.jetbrains.kannotator.controlFlow.builder.analysis.NullabilityKey.class}"/>
        </annotation>
    </item>
    <item name='org.kxml2.io.KXmlParser void setInput(java.io.InputStream, java.lang.String) 0'>
        <annotation name='org.jetbrains.annotations.NotNull'/>
    </item>
    <item name='org.kxml2.io.KXmlParser void setProperty(java.lang.String, java.lang.Object) 0'>
        <annotation name='org.jetbrains.annotations.NotNull'/>
    </item>
    <item name='org.kxml2.io.KXmlSerializer org.xmlpull.v1.XmlSerializer text(java.lang.String)'>
        <annotation name='org.jetbrains.annotations.NotNull'/>
    </item>
    <item name='org.kxml2.io.KXmlSerializer org.xmlpull.v1.XmlSerializer text(char[], int, int)'>
        <annotation name='org.jetbrains.annotations.NotNull'/>
    </item>
    <item name='org.kxml2.io.KXmlSerializer void setOutput(java.io.OutputStream, java.lang.String) 0'>
        <annotation name='org.jetbrains.annotations.NotNull'/>
    </item>
</root>
