<root>
    <item name='com.google.android.gms.common.stats.zzd java.lang.Object[] newArray(int)'>
        <annotation name='org.jetbrains.annotations.NotNull'/>
    </item>
    <item name='com.google.android.gms.common.stats.zzd java.lang.Object createFromParcel(android.os.Parcel) 0'>
        <annotation name='org.jetbrains.annotations.NotNull'/>
    </item>
    <item name='com.google.android.gms.common.stats.zzd java.lang.Object createFromParcel(android.os.Parcel)'>
        <annotation name='org.jetbrains.annotations.NotNull'/>
    </item>
    <item name='com.google.android.gms.common.stats.zza boolean zza(android.content.Context, java.lang.String, android.content.Intent, android.content.ServiceConnection, int) 2'>
        <annotation name='org.jetbrains.annotations.NotNull'/>
    </item>
    <item name='com.google.android.gms.common.stats.zzb zzgdd'>
        <annotation name='org.jetbrains.annotations.NotNull'/>
    </item>
    <item name='com.google.android.gms.common.stats.WakeLockEvent CREATOR'>
        <annotation name='org.jetbrains.annotations.NotNull'/>
    </item>
    <item name='com.google.android.gms.common.stats.WakeLockEvent void writeToParcel(android.os.Parcel, int) 0'>
        <annotation name='org.jetbrains.annotations.NotNull'/>
    </item>
    <item name='com.google.android.gms.common.stats.zza boolean zza(android.content.Context, android.content.Intent, android.content.ServiceConnection, int) 1'>
        <annotation name='org.jetbrains.annotations.NotNull'/>
    </item>
    <item name='com.google.android.gms.common.stats.zza boolean zza(android.content.Context, android.content.Intent, android.content.ServiceConnection, int) 0'>
        <annotation name='org.jetbrains.annotations.NotNull'/>
    </item>
</root>
