<root>
    <item name='junit.runner.BaseTestRunner void addFailure(junit.framework.Test, junit.framework.AssertionFailedError) 0'>
        <annotation name='org.jetbrains.annotations.NotNull'/>
        <annotation name='org.jetbrains.kannotator.runtime.annotations.Propagated'>
            <val name="value" val="{org.jetbrains.kannotator.controlFlow.builder.analysis.NullabilityKey.class}"/>
        </annotation>
    </item>
    <item name='junit.runner.BaseTestRunner void startTest(junit.framework.Test) 0'>
        <annotation name='org.jetbrains.annotations.NotNull'/>
    </item>
    <item name='junit.runner.BaseTestRunner void endTest(junit.framework.Test) 0'>
        <annotation name='org.jetbrains.annotations.NotNull'/>
    </item>
    <item name='junit.runner.BaseTestRunner java.lang.String processArguments(java.lang.String[]) 0'>
        <annotation name='org.jetbrains.annotations.NotNull'/>
    </item>
    <item name='junit.runner.BaseTestRunner SUITE_METHODNAME'>
        <annotation name='org.jetbrains.annotations.NotNull'/>
    </item>
    <item name='junit.runner.BaseTestRunner java.lang.String getFilteredTrace(java.lang.Throwable) 0'>
        <annotation name='org.jetbrains.annotations.NotNull'/>
    </item>
    <item name='junit.runner.BaseTestRunner junit.framework.Test getTest(java.lang.String) 0'>
        <annotation name='org.jetbrains.annotations.NotNull'/>
    </item>
    <item name='junit.runner.BaseTestRunner void addError(junit.framework.Test, java.lang.Throwable) 0'>
        <annotation name='org.jetbrains.annotations.NotNull'/>
        <annotation name='org.jetbrains.kannotator.runtime.annotations.Propagated'>
            <val name="value" val="{org.jetbrains.kannotator.controlFlow.builder.analysis.NullabilityKey.class}"/>
        </annotation>
    </item>
    <item name='junit.runner.BaseTestRunner java.lang.String extractClassName(java.lang.String) 0'>
        <annotation name='org.jetbrains.annotations.NotNull'/>
    </item>
    <item name='junit.runner.Version java.lang.String id()'>
        <annotation name='org.jetbrains.annotations.NotNull'/>
    </item>
</root>
