<root>
    <item name='org.junit.rules.Stopwatch long runtime(java.util.concurrent.TimeUnit) 0'>
        <annotation name='org.jetbrains.annotations.NotNull'/>
    </item>
    <item name='org.junit.rules.Timeout.Builder org.junit.rules.Timeout.Builder withTimeout(long, java.util.concurrent.TimeUnit)'>
        <annotation name='org.jetbrains.annotations.NotNull'/>
    </item>
    <item name='org.junit.rules.TestWatchman org.junit.runners.model.Statement apply(org.junit.runners.model.Statement, org.junit.runners.model.FrameworkMethod, java.lang.Object)'>
        <annotation name='org.jetbrains.annotations.NotNull'/>
    </item>
    <item name='org.junit.rules.TestWatcher org.junit.runners.model.Statement apply(org.junit.runners.model.Statement, org.junit.runner.Description)'>
        <annotation name='org.jetbrains.annotations.NotNull'/>
    </item>
    <item name='org.junit.rules.Verifier org.junit.runners.model.Statement apply(org.junit.runners.model.Statement, org.junit.runner.Description)'>
        <annotation name='org.jetbrains.annotations.NotNull'/>
    </item>
    <item name='org.junit.rules.ExpectedException org.junit.rules.ExpectedException handleAssertionErrors()'>
        <annotation name='org.jetbrains.annotations.NotNull'/>
    </item>
    <item name='org.junit.rules.TestRule org.junit.runners.model.Statement apply(org.junit.runners.model.Statement, org.junit.runner.Description)'>
        <annotation name='org.jetbrains.annotations.NotNull'/>
        <annotation name='org.jetbrains.kannotator.runtime.annotations.Propagated'>
            <val name="value" val="{org.jetbrains.kannotator.controlFlow.builder.analysis.NullabilityKey.class}"/>
        </annotation>
    </item>
    <item name='org.junit.rules.TestWatcher void starting(org.junit.runner.Description) 0'>
        <annotation name='org.jetbrains.annotations.NotNull'/>
        <annotation name='org.jetbrains.kannotator.runtime.annotations.Propagated'>
            <val name="value" val="{org.jetbrains.kannotator.controlFlow.builder.analysis.NullabilityKey.class}"/>
        </annotation>
    </item>
    <item name='org.junit.rules.ExpectedException org.junit.rules.ExpectedException none()'>
        <annotation name='org.jetbrains.annotations.NotNull'/>
    </item>
    <item name='org.junit.rules.TemporaryFolder java.io.File newFolder()'>
        <annotation name='org.jetbrains.annotations.NotNull'/>
    </item>
    <item name='org.junit.rules.TemporaryFolder java.io.File newFolder(java.lang.String...) 0'>
        <annotation name='org.jetbrains.annotations.NotNull'/>
    </item>
    <item name='org.junit.rules.ExternalResource org.junit.runners.model.Statement apply(org.junit.runners.model.Statement, org.junit.runner.Description)'>
        <annotation name='org.jetbrains.annotations.NotNull'/>
    </item>
    <item name='org.junit.rules.Timeout org.junit.runners.model.Statement createFailOnTimeoutStatement(org.junit.runners.model.Statement)'>
        <annotation name='org.jetbrains.annotations.NotNull'/>
    </item>
    <item name='org.junit.rules.ExpectedException org.junit.rules.ExpectedException reportMissingExceptionWithMessage(java.lang.String)'>
        <annotation name='org.jetbrains.annotations.NotNull'/>
    </item>
    <item name='org.junit.rules.Timeout.Builder org.junit.rules.Timeout.Builder withLookingForStuckThread(boolean)'>
        <annotation name='org.jetbrains.annotations.NotNull'/>
    </item>
    <item name='org.junit.rules.Timeout Timeout(org.junit.rules.Timeout.Builder) 0'>
        <annotation name='org.jetbrains.annotations.NotNull'/>
    </item>
    <item name='org.junit.rules.Timeout org.junit.rules.Timeout millis(long)'>
        <annotation name='org.jetbrains.annotations.NotNull'/>
    </item>
    <item name='org.junit.rules.ExpectedException org.junit.runners.model.Statement apply(org.junit.runners.model.Statement, org.junit.runner.Description)'>
        <annotation name='org.jetbrains.annotations.NotNull'/>
    </item>
    <item name='org.junit.rules.RuleChain org.junit.rules.RuleChain outerRule(org.junit.rules.TestRule)'>
        <annotation name='org.jetbrains.annotations.NotNull'/>
    </item>
    <item name='org.junit.rules.Timeout org.junit.rules.Timeout.Builder builder()'>
        <annotation name='org.jetbrains.annotations.NotNull'/>
    </item>
    <item name='org.junit.rules.ExpectedException org.junit.rules.ExpectedException handleAssumptionViolatedExceptions()'>
        <annotation name='org.jetbrains.annotations.NotNull'/>
    </item>
    <item name='org.junit.rules.TemporaryFolder java.io.File newFile(java.lang.String)'>
        <annotation name='org.jetbrains.annotations.NotNull'/>
    </item>
    <item name='org.junit.rules.Timeout long getTimeout(java.util.concurrent.TimeUnit) 0'>
        <annotation name='org.jetbrains.annotations.NotNull'/>
    </item>
    <item name='org.junit.rules.Timeout org.junit.runners.model.Statement apply(org.junit.runners.model.Statement, org.junit.runner.Description)'>
        <annotation name='org.jetbrains.annotations.NotNull'/>
    </item>
    <item name='org.junit.rules.RunRules RunRules(org.junit.runners.model.Statement, java.lang.Iterable&lt;org.junit.rules.TestRule&gt;, org.junit.runner.Description) 1'>
        <annotation name='org.jetbrains.annotations.NotNull'/>
    </item>
    <item name='org.junit.rules.Timeout.Builder org.junit.rules.Timeout build()'>
        <annotation name='org.jetbrains.annotations.NotNull'/>
    </item>
    <item name='org.junit.rules.TestName void starting(org.junit.runner.Description) 0'>
        <annotation name='org.jetbrains.annotations.NotNull'/>
    </item>
    <item name='org.junit.rules.MethodRule org.junit.runners.model.Statement apply(org.junit.runners.model.Statement, org.junit.runners.model.FrameworkMethod, java.lang.Object)'>
        <annotation name='org.jetbrains.annotations.NotNull'/>
        <annotation name='org.jetbrains.kannotator.runtime.annotations.Propagated'>
            <val name="value" val="{org.jetbrains.kannotator.controlFlow.builder.analysis.NullabilityKey.class}"/>
        </annotation>
    </item>
    <item name='org.junit.rules.Timeout org.junit.runners.model.Statement createFailOnTimeoutStatement(org.junit.runners.model.Statement) 0'>
        <annotation name='org.jetbrains.annotations.NotNull'/>
    </item>
    <item name='org.junit.rules.RuleChain org.junit.rules.RuleChain emptyRuleChain()'>
        <annotation name='org.jetbrains.annotations.NotNull'/>
    </item>
    <item name='org.junit.rules.Timeout org.junit.rules.Timeout seconds(long)'>
        <annotation name='org.jetbrains.annotations.NotNull'/>
    </item>
    <item name='org.junit.rules.RuleChain org.junit.rules.RuleChain around(org.junit.rules.TestRule)'>
        <annotation name='org.jetbrains.annotations.NotNull'/>
    </item>
</root>
