<root>
    <item name='com.google.android.gms.ads.identifier.AdvertisingIdClient boolean getIsAdIdFakeForDebugLogging(android.content.Context) 0'>
        <annotation name='org.jetbrains.annotations.NotNull'/>
    </item>
    <item name='com.google.android.gms.ads.identifier.AdvertisingIdClient com.google.android.gms.ads.identifier.AdvertisingIdClient.Info getAdvertisingIdInfo(android.content.Context) 0'>
        <annotation name='org.jetbrains.annotations.NotNull'/>
    </item>
    <item name='com.google.android.gms.ads.identifier.AdvertisingIdClient com.google.android.gms.ads.identifier.AdvertisingIdClient.Info getAdvertisingIdInfo(android.content.Context)'>
        <annotation name='org.jetbrains.annotations.NotNull'/>
    </item>
    <item name='com.google.android.gms.ads.identifier.AdvertisingIdClient AdvertisingIdClient(android.content.Context) 0'>
        <annotation name='org.jetbrains.annotations.NotNull'/>
    </item>
    <item name='com.google.android.gms.ads.identifier.AdvertisingIdClient com.google.android.gms.ads.identifier.AdvertisingIdClient.Info getInfo()'>
        <annotation name='org.jetbrains.annotations.NotNull'/>
    </item>
    <item name='com.google.android.gms.ads.identifier.AdvertisingIdClient AdvertisingIdClient(android.content.Context, long, boolean, boolean) 0'>
        <annotation name='org.jetbrains.annotations.NotNull'/>
    </item>
</root>
