<root>
    <item name='com.google.firebase.storage.StorageTask com.google.firebase.storage.ControllableTask addOnPausedListener(java.util.concurrent.Executor, com.google.firebase.storage.OnPausedListener)'>
        <annotation name='org.jetbrains.annotations.NotNull'/>
    </item>
    <item name='com.google.firebase.storage.StorageTask com.google.android.gms.tasks.Task addOnSuccessListener(android.app.Activity, com.google.android.gms.tasks.OnSuccessListener)'>
        <annotation name='org.jetbrains.annotations.NotNull'/>
    </item>
    <item name='com.google.firebase.storage.StorageTask mSyncObject'>
        <annotation name='org.jetbrains.annotations.NotNull'/>
    </item>
    <item name='com.google.firebase.storage.StorageTask com.google.android.gms.tasks.Task addOnSuccessListener(com.google.android.gms.tasks.OnSuccessListener)'>
        <annotation name='org.jetbrains.annotations.NotNull'/>
    </item>
    <item name='com.google.firebase.storage.StorageTask com.google.firebase.storage.StorageTask&lt;TResult&gt; removeOnPausedListener(com.google.firebase.storage.OnPausedListener&lt;? super TResult&gt;)'>
        <annotation name='org.jetbrains.annotations.NotNull'/>
    </item>
    <item name='com.google.firebase.storage.FirebaseStorage com.google.firebase.storage.FirebaseStorage getInstance(com.google.firebase.FirebaseApp, java.lang.String)'>
        <annotation name='org.jetbrains.annotations.NotNull'/>
    </item>
    <item name='com.google.firebase.storage.ControllableTask com.google.firebase.storage.ControllableTask&lt;TState&gt; addOnPausedListener(com.google.firebase.storage.OnPausedListener&lt;? super TState&gt;)'>
        <annotation name='org.jetbrains.annotations.NotNull'/>
        <annotation name='org.jetbrains.kannotator.runtime.annotations.Propagated'>
            <val name="value" val="{org.jetbrains.kannotator.controlFlow.builder.analysis.NullabilityKey.class}"/>
        </annotation>
    </item>
    <item name='com.google.firebase.storage.FirebaseStorage com.google.firebase.storage.FirebaseStorage getInstance()'>
        <annotation name='org.jetbrains.annotations.NotNull'/>
    </item>
    <item name='com.google.firebase.storage.StorageReference com.google.firebase.storage.UploadTask putBytes(byte[]) 0'>
        <annotation name='org.jetbrains.annotations.NotNull'/>
    </item>
    <item name='com.google.firebase.storage.FirebaseStorage com.google.firebase.storage.FirebaseStorage getInstance(com.google.firebase.FirebaseApp)'>
        <annotation name='org.jetbrains.annotations.NotNull'/>
    </item>
    <item name='com.google.firebase.storage.StorageTask com.google.firebase.storage.StorageTask&lt;TResult&gt; addOnSuccessListener(java.util.concurrent.Executor, com.google.android.gms.tasks.OnSuccessListener&lt;? super TResult&gt;)'>
        <annotation name='org.jetbrains.annotations.NotNull'/>
    </item>
    <item name='com.google.firebase.storage.FirebaseStorage com.google.firebase.storage.FirebaseStorage getInstance(com.google.firebase.FirebaseApp) 0'>
        <annotation name='org.jetbrains.annotations.NotNull'/>
    </item>
    <item name='com.google.firebase.storage.StorageTask com.google.firebase.storage.StorageTask&lt;TResult&gt; addOnFailureListener(android.app.Activity, com.google.android.gms.tasks.OnFailureListener)'>
        <annotation name='org.jetbrains.annotations.NotNull'/>
    </item>
    <item name='com.google.firebase.storage.StorageMetadata.Builder com.google.firebase.storage.StorageMetadata.Builder setContentType(java.lang.String)'>
        <annotation name='org.jetbrains.annotations.NotNull'/>
    </item>
    <item name='com.google.firebase.storage.StorageReference com.google.firebase.storage.UploadTask putBytes(byte[], com.google.firebase.storage.StorageMetadata) 0'>
        <annotation name='org.jetbrains.annotations.NotNull'/>
    </item>
    <item name='com.google.firebase.storage.StorageReference com.google.firebase.storage.UploadTask putBytes(byte[], com.google.firebase.storage.StorageMetadata)'>
        <annotation name='org.jetbrains.annotations.NotNull'/>
    </item>
    <item name='com.google.firebase.storage.StorageTask com.google.firebase.storage.StorageTask&lt;TResult&gt; removeOnCompleteListener(com.google.android.gms.tasks.OnCompleteListener&lt;TResult&gt;)'>
        <annotation name='org.jetbrains.annotations.NotNull'/>
    </item>
    <item name='com.google.firebase.storage.FirebaseStorage com.google.firebase.storage.StorageReference getReferenceFromUrl(java.lang.String) 0'>
        <annotation name='org.jetbrains.annotations.NotNull'/>
    </item>
    <item name='com.google.firebase.storage.StorageException com.google.firebase.storage.StorageException fromErrorStatus(com.google.android.gms.common.api.Status) 0'>
        <annotation name='org.jetbrains.annotations.NotNull'/>
    </item>
    <item name='com.google.firebase.storage.StorageReference com.google.firebase.storage.StorageReference child(java.lang.String)'>
        <annotation name='org.jetbrains.annotations.NotNull'/>
    </item>
    <item name='com.google.firebase.storage.StorageException com.google.firebase.storage.StorageException fromErrorStatus(com.google.android.gms.common.api.Status)'>
        <annotation name='org.jetbrains.annotations.NotNull'/>
    </item>
    <item name='com.google.firebase.storage.StorageMetadata.Builder com.google.firebase.storage.StorageMetadata.Builder setCacheControl(java.lang.String)'>
        <annotation name='org.jetbrains.annotations.NotNull'/>
    </item>
    <item name='com.google.firebase.storage.StorageTask com.google.firebase.storage.StorageTask&lt;TResult&gt; addOnFailureListener(com.google.android.gms.tasks.OnFailureListener)'>
        <annotation name='org.jetbrains.annotations.NotNull'/>
    </item>
    <item name='com.google.firebase.storage.StorageMetadata.Builder com.google.firebase.storage.StorageMetadata.Builder setContentDisposition(java.lang.String)'>
        <annotation name='org.jetbrains.annotations.NotNull'/>
    </item>
    <item name='com.google.firebase.storage.StorageMetadata java.util.List&lt;android.net.Uri&gt; getDownloadUrls()'>
        <annotation name='org.jetbrains.annotations.NotNull'/>
    </item>
    <item name='com.google.firebase.storage.StorageTask com.google.firebase.storage.StorageTask&lt;TResult&gt; addOnSuccessListener(android.app.Activity, com.google.android.gms.tasks.OnSuccessListener&lt;? super TResult&gt;)'>
        <annotation name='org.jetbrains.annotations.NotNull'/>
    </item>
    <item name='com.google.firebase.storage.StorageTask com.google.firebase.storage.StorageTask&lt;TResult&gt; removeOnFailureListener(com.google.android.gms.tasks.OnFailureListener)'>
        <annotation name='org.jetbrains.annotations.NotNull'/>
    </item>
    <item name='com.google.firebase.storage.StorageTask com.google.firebase.storage.ControllableTask addOnPausedListener(com.google.firebase.storage.OnPausedListener)'>
        <annotation name='org.jetbrains.annotations.NotNull'/>
    </item>
    <item name='com.google.firebase.storage.CancellableTask com.google.firebase.storage.CancellableTask&lt;TState&gt; addOnProgressListener(java.util.concurrent.Executor, com.google.firebase.storage.OnProgressListener&lt;? super TState&gt;)'>
        <annotation name='org.jetbrains.annotations.NotNull'/>
        <annotation name='org.jetbrains.kannotator.runtime.annotations.Propagated'>
            <val name="value" val="{org.jetbrains.kannotator.controlFlow.builder.analysis.NullabilityKey.class}"/>
        </annotation>
    </item>
    <item name='com.google.firebase.storage.StorageTask com.google.firebase.storage.ControllableTask addOnPausedListener(android.app.Activity, com.google.firebase.storage.OnPausedListener)'>
        <annotation name='org.jetbrains.annotations.NotNull'/>
    </item>
    <item name='com.google.firebase.storage.ControllableTask com.google.firebase.storage.ControllableTask&lt;TState&gt; addOnPausedListener(android.app.Activity, com.google.firebase.storage.OnPausedListener&lt;? super TState&gt;)'>
        <annotation name='org.jetbrains.annotations.NotNull'/>
        <annotation name='org.jetbrains.kannotator.runtime.annotations.Propagated'>
            <val name="value" val="{org.jetbrains.kannotator.controlFlow.builder.analysis.NullabilityKey.class}"/>
        </annotation>
    </item>
    <item name='com.google.firebase.storage.StorageMetadata.Builder Builder(com.google.firebase.storage.StorageMetadata) 0'>
        <annotation name='org.jetbrains.annotations.NotNull'/>
    </item>
    <item name='com.google.firebase.storage.StorageTask com.google.firebase.storage.CancellableTask addOnProgressListener(com.google.firebase.storage.OnProgressListener)'>
        <annotation name='org.jetbrains.annotations.NotNull'/>
    </item>
    <item name='com.google.firebase.storage.FirebaseStorage com.google.firebase.storage.StorageReference getReference(java.lang.String) 0'>
        <annotation name='org.jetbrains.annotations.NotNull'/>
    </item>
    <item name='com.google.firebase.storage.StorageTask com.google.firebase.storage.StorageTask&lt;TResult&gt; addOnPausedListener(com.google.firebase.storage.OnPausedListener&lt;? super TResult&gt;)'>
        <annotation name='org.jetbrains.annotations.NotNull'/>
    </item>
    <item name='com.google.firebase.storage.StorageTask com.google.firebase.storage.StorageTask&lt;TResult&gt; addOnCompleteListener(com.google.android.gms.tasks.OnCompleteListener&lt;TResult&gt;)'>
        <annotation name='org.jetbrains.annotations.NotNull'/>
    </item>
    <item name='com.google.firebase.storage.StorageTask com.google.android.gms.tasks.Task addOnCompleteListener(com.google.android.gms.tasks.OnCompleteListener)'>
        <annotation name='org.jetbrains.annotations.NotNull'/>
    </item>
    <item name='com.google.firebase.storage.StorageReference com.google.firebase.storage.StreamDownloadTask getStream(com.google.firebase.storage.StreamDownloadTask.StreamProcessor)'>
        <annotation name='org.jetbrains.annotations.NotNull'/>
    </item>
    <item name='com.google.firebase.storage.StorageTask com.google.android.gms.tasks.Task addOnCompleteListener(android.app.Activity, com.google.android.gms.tasks.OnCompleteListener)'>
        <annotation name='org.jetbrains.annotations.NotNull'/>
    </item>
    <item name='com.google.firebase.storage.CancellableTask com.google.firebase.storage.CancellableTask&lt;TState&gt; addOnProgressListener(android.app.Activity, com.google.firebase.storage.OnProgressListener&lt;? super TState&gt;)'>
        <annotation name='org.jetbrains.annotations.NotNull'/>
        <annotation name='org.jetbrains.kannotator.runtime.annotations.Propagated'>
            <val name="value" val="{org.jetbrains.kannotator.controlFlow.builder.analysis.NullabilityKey.class}"/>
        </annotation>
    </item>
    <item name='com.google.firebase.storage.FirebaseStorage com.google.firebase.storage.StorageReference getReference(java.lang.String)'>
        <annotation name='org.jetbrains.annotations.NotNull'/>
    </item>
    <item name='com.google.firebase.storage.StorageTask com.google.firebase.storage.StorageTask&lt;TResult&gt; removeOnProgressListener(com.google.firebase.storage.OnProgressListener&lt;? super TResult&gt;)'>
        <annotation name='org.jetbrains.annotations.NotNull'/>
    </item>
    <item name='com.google.firebase.storage.StorageMetadata.Builder com.google.firebase.storage.StorageMetadata build()'>
        <annotation name='org.jetbrains.annotations.NotNull'/>
    </item>
    <item name='com.google.firebase.storage.zzab void zzi(TListenerType, TResult) 0'>
        <annotation name='org.jetbrains.annotations.NotNull'/>
        <annotation name='org.jetbrains.kannotator.runtime.annotations.Propagated'>
            <val name="value" val="{org.jetbrains.kannotator.controlFlow.builder.analysis.NullabilityKey.class}"/>
        </annotation>
    </item>
    <item name='com.google.firebase.storage.StorageReference com.google.firebase.storage.UploadTask putFile(android.net.Uri, com.google.firebase.storage.StorageMetadata)'>
        <annotation name='org.jetbrains.annotations.NotNull'/>
    </item>
    <item name='com.google.firebase.storage.StorageTask com.google.firebase.storage.StorageTask&lt;TResult&gt; addOnPausedListener(java.util.concurrent.Executor, com.google.firebase.storage.OnPausedListener&lt;? super TResult&gt;)'>
        <annotation name='org.jetbrains.annotations.NotNull'/>
    </item>
    <item name='com.google.firebase.storage.StorageTask com.google.firebase.storage.StorageTask&lt;TResult&gt; addOnProgressListener(java.util.concurrent.Executor, com.google.firebase.storage.OnProgressListener&lt;? super TResult&gt;)'>
        <annotation name='org.jetbrains.annotations.NotNull'/>
    </item>
    <item name='com.google.firebase.storage.StorageTask com.google.android.gms.tasks.Task addOnFailureListener(android.app.Activity, com.google.android.gms.tasks.OnFailureListener)'>
        <annotation name='org.jetbrains.annotations.NotNull'/>
    </item>
    <item name='com.google.firebase.storage.StorageTask com.google.android.gms.tasks.Task addOnFailureListener(com.google.android.gms.tasks.OnFailureListener)'>
        <annotation name='org.jetbrains.annotations.NotNull'/>
    </item>
    <item name='com.google.firebase.storage.StorageTask com.google.firebase.storage.StorageTask&lt;TResult&gt; addOnCompleteListener(java.util.concurrent.Executor, com.google.android.gms.tasks.OnCompleteListener&lt;TResult&gt;)'>
        <annotation name='org.jetbrains.annotations.NotNull'/>
    </item>
    <item name='com.google.firebase.storage.CancellableTask com.google.firebase.storage.CancellableTask&lt;TState&gt; addOnProgressListener(com.google.firebase.storage.OnProgressListener&lt;? super TState&gt;)'>
        <annotation name='org.jetbrains.annotations.NotNull'/>
        <annotation name='org.jetbrains.kannotator.runtime.annotations.Propagated'>
            <val name="value" val="{org.jetbrains.kannotator.controlFlow.builder.analysis.NullabilityKey.class}"/>
        </annotation>
    </item>
    <item name='com.google.firebase.storage.StorageTask com.google.android.gms.tasks.Task addOnFailureListener(java.util.concurrent.Executor, com.google.android.gms.tasks.OnFailureListener)'>
        <annotation name='org.jetbrains.annotations.NotNull'/>
    </item>
    <item name='com.google.firebase.storage.StorageReference com.google.firebase.storage.UploadTask putBytes(byte[])'>
        <annotation name='org.jetbrains.annotations.NotNull'/>
    </item>
    <item name='com.google.firebase.storage.StorageTask com.google.android.gms.tasks.Task addOnCompleteListener(java.util.concurrent.Executor, com.google.android.gms.tasks.OnCompleteListener)'>
        <annotation name='org.jetbrains.annotations.NotNull'/>
    </item>
    <item name='com.google.firebase.storage.StorageTask com.google.firebase.storage.StorageTask&lt;TResult&gt; addOnFailureListener(java.util.concurrent.Executor, com.google.android.gms.tasks.OnFailureListener)'>
        <annotation name='org.jetbrains.annotations.NotNull'/>
    </item>
    <item name='com.google.firebase.storage.StorageTask com.google.firebase.storage.CancellableTask addOnProgressListener(android.app.Activity, com.google.firebase.storage.OnProgressListener)'>
        <annotation name='org.jetbrains.annotations.NotNull'/>
    </item>
    <item name='com.google.firebase.storage.FirebaseStorage com.google.firebase.storage.StorageReference getReferenceFromUrl(java.lang.String)'>
        <annotation name='org.jetbrains.annotations.NotNull'/>
    </item>
    <item name='com.google.firebase.storage.StorageReference com.google.firebase.storage.UploadTask putFile(android.net.Uri, com.google.firebase.storage.StorageMetadata, android.net.Uri)'>
        <annotation name='org.jetbrains.annotations.NotNull'/>
    </item>
    <item name='com.google.firebase.storage.StorageReference com.google.firebase.storage.StreamDownloadTask getStream()'>
        <annotation name='org.jetbrains.annotations.NotNull'/>
    </item>
    <item name='com.google.firebase.storage.StreamDownloadTask.StreamProcessor void doInBackground(com.google.firebase.storage.StreamDownloadTask.TaskSnapshot, java.io.InputStream) 1'>
        <annotation name='org.jetbrains.annotations.NotNull'/>
        <annotation name='org.jetbrains.kannotator.runtime.annotations.Propagated'>
            <val name="value" val="{org.jetbrains.kannotator.controlFlow.builder.analysis.NullabilityKey.class}"/>
        </annotation>
    </item>
    <item name='com.google.firebase.storage.FirebaseStorage com.google.firebase.storage.FirebaseStorage getInstance(com.google.firebase.FirebaseApp, java.lang.String) 1'>
        <annotation name='org.jetbrains.annotations.NotNull'/>
    </item>
    <item name='com.google.firebase.storage.StorageTask java.lang.Object getResult(java.lang.Class) 0'>
        <annotation name='org.jetbrains.annotations.NotNull'/>
    </item>
    <item name='com.google.firebase.storage.StorageMetadata.Builder com.google.firebase.storage.StorageMetadata.Builder setContentLanguage(java.lang.String)'>
        <annotation name='org.jetbrains.annotations.NotNull'/>
    </item>
    <item name='com.google.firebase.storage.StorageReference com.google.firebase.storage.FileDownloadTask getFile(java.io.File)'>
        <annotation name='org.jetbrains.annotations.NotNull'/>
    </item>
    <item name='com.google.firebase.storage.zzab void zzi(TListenerType, TResult) 1'>
        <annotation name='org.jetbrains.annotations.NotNull'/>
        <annotation name='org.jetbrains.kannotator.runtime.annotations.Propagated'>
            <val name="value" val="{org.jetbrains.kannotator.controlFlow.builder.analysis.NullabilityKey.class}"/>
        </annotation>
    </item>
    <item name='com.google.firebase.storage.StorageReference com.google.firebase.storage.UploadTask putStream(java.io.InputStream, com.google.firebase.storage.StorageMetadata)'>
        <annotation name='org.jetbrains.annotations.NotNull'/>
    </item>
    <item name='com.google.firebase.storage.StorageMetadata.Builder com.google.firebase.storage.StorageMetadata.Builder setCustomMetadata(java.lang.String, java.lang.String)'>
        <annotation name='org.jetbrains.annotations.NotNull'/>
    </item>
    <item name='com.google.firebase.storage.StorageTask com.google.firebase.storage.StorageTask&lt;TResult&gt; addOnPausedListener(android.app.Activity, com.google.firebase.storage.OnPausedListener&lt;? super TResult&gt;)'>
        <annotation name='org.jetbrains.annotations.NotNull'/>
    </item>
    <item name='com.google.firebase.storage.StorageTask com.google.firebase.storage.StorageTask&lt;TResult&gt; addOnSuccessListener(com.google.android.gms.tasks.OnSuccessListener&lt;? super TResult&gt;)'>
        <annotation name='org.jetbrains.annotations.NotNull'/>
    </item>
    <item name='com.google.firebase.storage.FirebaseStorage com.google.firebase.storage.FirebaseStorage getInstance(java.lang.String) 0'>
        <annotation name='org.jetbrains.annotations.NotNull'/>
    </item>
    <item name='com.google.firebase.storage.StorageReference com.google.firebase.storage.UploadTask putStream(java.io.InputStream)'>
        <annotation name='org.jetbrains.annotations.NotNull'/>
    </item>
    <item name='com.google.firebase.storage.StorageTask com.google.firebase.storage.CancellableTask addOnProgressListener(java.util.concurrent.Executor, com.google.firebase.storage.OnProgressListener)'>
        <annotation name='org.jetbrains.annotations.NotNull'/>
    </item>
    <item name='com.google.firebase.storage.StorageMetadata.Builder com.google.firebase.storage.StorageMetadata.Builder setContentEncoding(java.lang.String)'>
        <annotation name='org.jetbrains.annotations.NotNull'/>
    </item>
    <item name='com.google.firebase.storage.StorageTask com.google.firebase.storage.StorageTask&lt;TResult&gt; addOnProgressListener(com.google.firebase.storage.OnProgressListener&lt;? super TResult&gt;)'>
        <annotation name='org.jetbrains.annotations.NotNull'/>
    </item>
    <item name='com.google.firebase.storage.StorageTask com.google.firebase.storage.StorageTask&lt;TResult&gt; removeOnSuccessListener(com.google.android.gms.tasks.OnSuccessListener&lt;? super TResult&gt;)'>
        <annotation name='org.jetbrains.annotations.NotNull'/>
    </item>
    <item name='com.google.firebase.storage.StorageReference com.google.firebase.storage.FileDownloadTask getFile(android.net.Uri)'>
        <annotation name='org.jetbrains.annotations.NotNull'/>
    </item>
    <item name='com.google.firebase.storage.StorageReference com.google.firebase.storage.StorageReference getRoot()'>
        <annotation name='org.jetbrains.annotations.NotNull'/>
    </item>
    <item name='com.google.firebase.storage.StorageTask com.google.android.gms.tasks.Task addOnSuccessListener(java.util.concurrent.Executor, com.google.android.gms.tasks.OnSuccessListener)'>
        <annotation name='org.jetbrains.annotations.NotNull'/>
    </item>
    <item name='com.google.firebase.storage.StorageReference com.google.firebase.storage.UploadTask putFile(android.net.Uri)'>
        <annotation name='org.jetbrains.annotations.NotNull'/>
    </item>
    <item name='com.google.firebase.storage.FirebaseStorage com.google.firebase.storage.StorageReference getReference()'>
        <annotation name='org.jetbrains.annotations.NotNull'/>
    </item>
    <item name='com.google.firebase.storage.StorageTask TResult getResult(java.lang.Class&lt;X&gt;) 0'>
        <annotation name='org.jetbrains.annotations.NotNull'/>
    </item>
    <item name='com.google.firebase.storage.StorageTask com.google.firebase.storage.StorageTask&lt;TResult&gt; addOnProgressListener(android.app.Activity, com.google.firebase.storage.OnProgressListener&lt;? super TResult&gt;)'>
        <annotation name='org.jetbrains.annotations.NotNull'/>
    </item>
    <item name='com.google.firebase.storage.ControllableTask com.google.firebase.storage.ControllableTask&lt;TState&gt; addOnPausedListener(java.util.concurrent.Executor, com.google.firebase.storage.OnPausedListener&lt;? super TState&gt;)'>
        <annotation name='org.jetbrains.annotations.NotNull'/>
        <annotation name='org.jetbrains.kannotator.runtime.annotations.Propagated'>
            <val name="value" val="{org.jetbrains.kannotator.controlFlow.builder.analysis.NullabilityKey.class}"/>
        </annotation>
    </item>
    <item name='com.google.firebase.storage.FirebaseStorage com.google.firebase.storage.FirebaseStorage getInstance(java.lang.String)'>
        <annotation name='org.jetbrains.annotations.NotNull'/>
    </item>
    <item name='com.google.firebase.storage.StorageTask com.google.firebase.storage.StorageTask&lt;TResult&gt; addOnCompleteListener(android.app.Activity, com.google.android.gms.tasks.OnCompleteListener&lt;TResult&gt;)'>
        <annotation name='org.jetbrains.annotations.NotNull'/>
    </item>
    <item name='com.google.firebase.storage.FirebaseStorage com.google.firebase.storage.FirebaseStorage getInstance(com.google.firebase.FirebaseApp, java.lang.String) 0'>
        <annotation name='org.jetbrains.annotations.NotNull'/>
    </item>
</root>
