<root>
    <item name='org.junit.internal.builders.AllDefaultPossibilitiesBuilder org.junit.runner.Runner runnerForClass(java.lang.Class&lt;?&gt;) 0'>
        <annotation name='org.jetbrains.annotations.NotNull'/>
        <annotation name='org.jetbrains.kannotator.runtime.annotations.Propagated'>
            <val name="value" val="{org.jetbrains.kannotator.controlFlow.builder.analysis.NullabilityKey.class}"/>
        </annotation>
    </item>
    <item name='org.junit.internal.builders.IgnoredBuilder org.junit.runner.Runner runnerForClass(java.lang.Class&lt;?&gt;) 0'>
        <annotation name='org.jetbrains.annotations.NotNull'/>
    </item>
    <item name='org.junit.internal.builders.AnnotatedBuilder org.junit.runner.Runner runnerForClass(java.lang.Class&lt;?&gt;) 0'>
        <annotation name='org.jetbrains.annotations.NotNull'/>
        <annotation name='org.jetbrains.kannotator.runtime.annotations.Propagated'>
            <val name="value" val="{org.jetbrains.kannotator.controlFlow.builder.analysis.NullabilityKey.class}"/>
        </annotation>
    </item>
    <item name='org.junit.internal.builders.AllDefaultPossibilitiesBuilder org.junit.internal.builders.JUnit4Builder junit4Builder()'>
        <annotation name='org.jetbrains.annotations.NotNull'/>
    </item>
    <item name='org.junit.internal.builders.AllDefaultPossibilitiesBuilder org.junit.internal.builders.JUnit3Builder junit3Builder()'>
        <annotation name='org.jetbrains.annotations.NotNull'/>
    </item>
    <item name='org.junit.internal.builders.AllDefaultPossibilitiesBuilder org.junit.internal.builders.IgnoredBuilder ignoredBuilder()'>
        <annotation name='org.jetbrains.annotations.NotNull'/>
    </item>
    <item name='org.junit.internal.builders.JUnit4Builder org.junit.runner.Runner runnerForClass(java.lang.Class&lt;?&gt;) 0'>
        <annotation name='org.jetbrains.annotations.NotNull'/>
        <annotation name='org.jetbrains.kannotator.runtime.annotations.Propagated'>
            <val name="value" val="{org.jetbrains.kannotator.controlFlow.builder.analysis.NullabilityKey.class}"/>
        </annotation>
    </item>
    <item name='org.junit.internal.builders.NullBuilder org.junit.runner.Runner runnerForClass(java.lang.Class&lt;?&gt;) 0'>
        <annotation name='org.jetbrains.annotations.NotNull'/>
        <annotation name='org.jetbrains.kannotator.runtime.annotations.Propagated'>
            <val name="value" val="{org.jetbrains.kannotator.controlFlow.builder.analysis.NullabilityKey.class}"/>
        </annotation>
    </item>
    <item name='org.junit.internal.builders.IgnoredClassRunner void run(org.junit.runner.notification.RunNotifier) 0'>
        <annotation name='org.jetbrains.annotations.NotNull'/>
    </item>
    <item name='org.junit.internal.builders.AnnotatedBuilder org.junit.runner.Runner buildRunner(java.lang.Class&lt;? extends org.junit.runner.Runner&gt;, java.lang.Class&lt;?&gt;) 0'>
        <annotation name='org.jetbrains.annotations.NotNull'/>
    </item>
    <item name='org.junit.internal.builders.AllDefaultPossibilitiesBuilder org.junit.runners.model.RunnerBuilder suiteMethodBuilder()'>
        <annotation name='org.jetbrains.annotations.NotNull'/>
    </item>
    <item name='org.junit.internal.builders.AllDefaultPossibilitiesBuilder org.junit.internal.builders.AnnotatedBuilder annotatedBuilder()'>
        <annotation name='org.jetbrains.annotations.NotNull'/>
    </item>
    <item name='org.junit.internal.builders.JUnit3Builder org.junit.runner.Runner runnerForClass(java.lang.Class&lt;?&gt;) 0'>
        <annotation name='org.jetbrains.annotations.NotNull'/>
        <annotation name='org.jetbrains.kannotator.runtime.annotations.Propagated'>
            <val name="value" val="{org.jetbrains.kannotator.controlFlow.builder.analysis.NullabilityKey.class}"/>
        </annotation>
    </item>
    <item name='org.junit.internal.builders.JUnit4Builder org.junit.runner.Runner runnerForClass(java.lang.Class&lt;?&gt;)'>
        <annotation name='org.jetbrains.annotations.NotNull'/>
    </item>
    <item name='org.junit.internal.builders.IgnoredClassRunner org.junit.runner.Description getDescription()'>
        <annotation name='org.jetbrains.annotations.NotNull'/>
    </item>
    <item name='org.junit.internal.builders.SuiteMethodBuilder org.junit.runner.Runner runnerForClass(java.lang.Class&lt;?&gt;) 0'>
        <annotation name='org.jetbrains.annotations.NotNull'/>
        <annotation name='org.jetbrains.kannotator.runtime.annotations.Propagated'>
            <val name="value" val="{org.jetbrains.kannotator.controlFlow.builder.analysis.NullabilityKey.class}"/>
        </annotation>
    </item>
</root>
