<root>
    <item name='com.google.android.gms.common.internal.zzbj com.google.android.gms.tasks.Task&lt;T&gt; zza(com.google.android.gms.common.api.PendingResult&lt;R&gt;, T) 0'>
        <annotation name='org.jetbrains.annotations.NotNull'/>
    </item>
    <item name='com.google.android.gms.common.internal.zzbj com.google.android.gms.tasks.Task&lt;T&gt; zza(com.google.android.gms.common.api.PendingResult&lt;R&gt;, com.google.android.gms.common.internal.zzbo&lt;R,T&gt;) 0'>
        <annotation name='org.jetbrains.annotations.NotNull'/>
    </item>
    <item name='com.google.android.gms.common.internal.zzbs java.lang.Object createFromParcel(android.os.Parcel)'>
        <annotation name='org.jetbrains.annotations.NotNull'/>
    </item>
    <item name='com.google.android.gms.common.internal.zzab com.google.android.gms.common.internal.zzr zzalh()'>
        <annotation name='org.jetbrains.annotations.NotNull'/>
    </item>
    <item name='com.google.android.gms.common.internal.zzbp com.google.android.gms.common.api.ApiException zzz(com.google.android.gms.common.api.Status)'>
        <annotation name='org.jetbrains.annotations.NotNull'/>
        <annotation name='org.jetbrains.kannotator.runtime.annotations.Propagated'>
            <val name="value" val="{org.jetbrains.kannotator.controlFlow.builder.analysis.NullabilityKey.class}"/>
        </annotation>
    </item>
    <item name='com.google.android.gms.common.internal.zzab java.util.Set&lt;com.google.android.gms.common.api.Scope&gt; zzakp()'>
        <annotation name='org.jetbrains.annotations.NotNull'/>
    </item>
    <item name='com.google.android.gms.common.internal.zzu java.lang.String zzcn(android.content.Context) 0'>
        <annotation name='org.jetbrains.annotations.NotNull'/>
    </item>
    <item name='com.google.android.gms.common.internal.zzb com.google.android.gms.common.api.ApiException zzy(com.google.android.gms.common.api.Status) 0'>
        <annotation name='org.jetbrains.annotations.NotNull'/>
    </item>
    <item name='com.google.android.gms.common.internal.zzu java.lang.String zzi(android.content.Context, int) 0'>
        <annotation name='org.jetbrains.annotations.NotNull'/>
    </item>
    <item name='com.google.android.gms.common.internal.zzv com.google.android.gms.common.internal.zzv zza(android.app.Activity, android.content.Intent, int)'>
        <annotation name='org.jetbrains.annotations.NotNull'/>
    </item>
    <item name='com.google.android.gms.common.internal.zzbs java.lang.Object[] newArray(int)'>
        <annotation name='org.jetbrains.annotations.NotNull'/>
    </item>
    <item name='com.google.android.gms.common.internal.zzv com.google.android.gms.common.internal.zzv zza(com.google.android.gms.common.api.internal.zzcf, android.content.Intent, int)'>
        <annotation name='org.jetbrains.annotations.NotNull'/>
    </item>
    <item name='com.google.android.gms.common.internal.zzby void zza(android.content.res.Resources, int, int) 0'>
        <annotation name='org.jetbrains.annotations.NotNull'/>
    </item>
    <item name='com.google.android.gms.common.internal.zzu java.lang.String zzj(android.content.Context, int) 0'>
        <annotation name='org.jetbrains.annotations.NotNull'/>
    </item>
    <item name='com.google.android.gms.common.internal.zzbv CREATOR'>
        <annotation name='org.jetbrains.annotations.NotNull'/>
    </item>
    <item name='com.google.android.gms.common.internal.zzbw java.lang.Object createFromParcel(android.os.Parcel) 0'>
        <annotation name='org.jetbrains.annotations.NotNull'/>
    </item>
    <item name='com.google.android.gms.common.internal.zzbw java.lang.Object createFromParcel(android.os.Parcel)'>
        <annotation name='org.jetbrains.annotations.NotNull'/>
    </item>
    <item name='com.google.android.gms.common.internal.zzbu java.lang.Object[] newArray(int)'>
        <annotation name='org.jetbrains.annotations.NotNull'/>
    </item>
    <item name='com.google.android.gms.common.internal.zzbt CREATOR'>
        <annotation name='org.jetbrains.annotations.NotNull'/>
    </item>
    <item name='com.google.android.gms.common.internal.zzbr CREATOR'>
        <annotation name='org.jetbrains.annotations.NotNull'/>
    </item>
    <item name='com.google.android.gms.common.internal.zzu java.lang.String zzk(android.content.Context, int) 0'>
        <annotation name='org.jetbrains.annotations.NotNull'/>
    </item>
    <item name='com.google.android.gms.common.internal.zzr com.google.android.gms.common.internal.zzr zzcl(android.content.Context) 0'>
        <annotation name='org.jetbrains.annotations.NotNull'/>
    </item>
    <item name='com.google.android.gms.common.internal.zzbs java.lang.Object createFromParcel(android.os.Parcel) 0'>
        <annotation name='org.jetbrains.annotations.NotNull'/>
    </item>
    <item name='com.google.android.gms.common.internal.zzbp com.google.android.gms.common.api.ApiException zzz(com.google.android.gms.common.api.Status) 0'>
        <annotation name='org.jetbrains.annotations.NotNull'/>
        <annotation name='org.jetbrains.kannotator.runtime.annotations.Propagated'>
            <val name="value" val="{org.jetbrains.kannotator.controlFlow.builder.analysis.NullabilityKey.class}"/>
        </annotation>
    </item>
    <item name='com.google.android.gms.common.internal.zzs com.google.android.gms.common.internal.zzs zzgg(java.lang.String)'>
        <annotation name='org.jetbrains.annotations.NotNull'/>
    </item>
    <item name='com.google.android.gms.common.internal.zzbj com.google.android.gms.tasks.Task&lt;java.lang.Void&gt; zzb(com.google.android.gms.common.api.PendingResult&lt;R&gt;) 0'>
        <annotation name='org.jetbrains.annotations.NotNull'/>
    </item>
    <item name='com.google.android.gms.common.internal.zzs com.google.android.gms.common.internal.zzs zze(android.accounts.Account)'>
        <annotation name='org.jetbrains.annotations.NotNull'/>
    </item>
    <item name='com.google.android.gms.common.internal.zzs com.google.android.gms.common.internal.zzs zze(java.util.Collection&lt;com.google.android.gms.common.api.Scope&gt;)'>
        <annotation name='org.jetbrains.annotations.NotNull'/>
    </item>
    <item name='com.google.android.gms.common.internal.zzbu java.lang.Object createFromParcel(android.os.Parcel)'>
        <annotation name='org.jetbrains.annotations.NotNull'/>
    </item>
    <item name='com.google.android.gms.common.internal.zzv void onClick(android.content.DialogInterface, int) 0'>
        <annotation name='org.jetbrains.annotations.NotNull'/>
    </item>
    <item name='com.google.android.gms.common.internal.zzr com.google.android.gms.common.internal.zzr zzcl(android.content.Context)'>
        <annotation name='org.jetbrains.annotations.NotNull'/>
    </item>
    <item name='com.google.android.gms.common.internal.zzab zzab(android.content.Context, android.os.Looper, int, com.google.android.gms.common.internal.zzr, com.google.android.gms.common.api.GoogleApiClient.ConnectionCallbacks, com.google.android.gms.common.api.GoogleApiClient.OnConnectionFailedListener) 3'>
        <annotation name='org.jetbrains.annotations.NotNull'/>
    </item>
    <item name='com.google.android.gms.common.internal.zzu java.lang.String zzg(android.content.Context, int) 0'>
        <annotation name='org.jetbrains.annotations.NotNull'/>
    </item>
    <item name='com.google.android.gms.common.internal.zzs com.google.android.gms.common.internal.zzr zzald()'>
        <annotation name='org.jetbrains.annotations.NotNull'/>
    </item>
    <item name='com.google.android.gms.common.internal.zzae boolean handleMessage(android.os.Message) 0'>
        <annotation name='org.jetbrains.annotations.NotNull'/>
    </item>
    <item name='com.google.android.gms.common.internal.zzv com.google.android.gms.common.internal.zzv zza(android.support.v4.app.Fragment, android.content.Intent, int)'>
        <annotation name='org.jetbrains.annotations.NotNull'/>
    </item>
    <item name='com.google.android.gms.common.internal.zzs com.google.android.gms.common.internal.zzs zzgf(java.lang.String)'>
        <annotation name='org.jetbrains.annotations.NotNull'/>
    </item>
    <item name='com.google.android.gms.common.internal.zzb com.google.android.gms.common.api.ApiException zzy(com.google.android.gms.common.api.Status)'>
        <annotation name='org.jetbrains.annotations.NotNull'/>
    </item>
    <item name='com.google.android.gms.common.internal.zzbu java.lang.Object createFromParcel(android.os.Parcel) 0'>
        <annotation name='org.jetbrains.annotations.NotNull'/>
    </item>
    <item name='com.google.android.gms.common.internal.zzab com.google.android.gms.common.zzc[] zzakl()'>
        <annotation name='org.jetbrains.annotations.NotNull'/>
    </item>
    <item name='com.google.android.gms.common.internal.zzbw java.lang.Object[] newArray(int)'>
        <annotation name='org.jetbrains.annotations.NotNull'/>
    </item>
</root>
