<root>
    <item name='com.google.android.gms.common.data.DataHolder.zza com.google.android.gms.common.data.DataHolder.zza zza(java.util.HashMap&lt;java.lang.String,java.lang.Object&gt;)'>
        <annotation name='org.jetbrains.annotations.NotNull'/>
    </item>
    <item name='com.google.android.gms.common.data.zzf java.lang.Object createFromParcel(android.os.Parcel) 0'>
        <annotation name='org.jetbrains.annotations.NotNull'/>
    </item>
    <item name='com.google.android.gms.common.data.zza java.lang.Object[] newArray(int)'>
        <annotation name='org.jetbrains.annotations.NotNull'/>
    </item>
    <item name='com.google.android.gms.common.data.zzd void zza(com.google.android.gms.common.data.DataHolder.zza, T) 1'>
        <annotation name='org.jetbrains.annotations.NotNull'/>
    </item>
    <item name='com.google.android.gms.common.data.FreezableUtils java.util.ArrayList&lt;T&gt; freeze(java.util.ArrayList&lt;E&gt;) 0'>
        <annotation name='org.jetbrains.annotations.NotNull'/>
    </item>
    <item name='com.google.android.gms.common.data.FreezableUtils java.util.ArrayList&lt;T&gt; freeze(E[]) 0'>
        <annotation name='org.jetbrains.annotations.NotNull'/>
    </item>
    <item name='com.google.android.gms.common.data.DataHolder CREATOR'>
        <annotation name='org.jetbrains.annotations.NotNull'/>
    </item>
    <item name='com.google.android.gms.common.data.zzd com.google.android.gms.common.data.DataHolder.zza zzajy()'>
        <annotation name='org.jetbrains.annotations.NotNull'/>
    </item>
    <item name='com.google.android.gms.common.data.DataHolder.zza com.google.android.gms.common.data.DataHolder.zza zza(android.content.ContentValues) 0'>
        <annotation name='org.jetbrains.annotations.NotNull'/>
    </item>
    <item name='com.google.android.gms.common.data.zza java.lang.Object createFromParcel(android.os.Parcel)'>
        <annotation name='org.jetbrains.annotations.NotNull'/>
    </item>
    <item name='com.google.android.gms.common.data.FreezableUtils java.util.ArrayList&lt;T&gt; freeze(java.util.ArrayList&lt;E&gt;)'>
        <annotation name='org.jetbrains.annotations.NotNull'/>
    </item>
    <item name='com.google.android.gms.common.data.DataHolder com.google.android.gms.common.data.DataHolder.zza zzb(java.lang.String[])'>
        <annotation name='org.jetbrains.annotations.NotNull'/>
    </item>
    <item name='com.google.android.gms.common.data.DataBuffer java.util.Iterator&lt;T&gt; iterator()'>
        <annotation name='org.jetbrains.annotations.NotNull'/>
        <annotation name='org.jetbrains.kannotator.runtime.annotations.Propagated'>
            <val name="value" val="{org.jetbrains.kannotator.controlFlow.builder.analysis.NullabilityKey.class}"/>
        </annotation>
    </item>
    <item name='com.google.android.gms.common.data.DataBufferUtils boolean hasPrevPage(com.google.android.gms.common.data.DataBuffer&lt;?&gt;) 0'>
        <annotation name='org.jetbrains.annotations.NotNull'/>
    </item>
    <item name='com.google.android.gms.common.data.DataHolder com.google.android.gms.common.data.DataHolder zzca(int)'>
        <annotation name='org.jetbrains.annotations.NotNull'/>
    </item>
    <item name='com.google.android.gms.common.data.zzf java.lang.Object createFromParcel(android.os.Parcel)'>
        <annotation name='org.jetbrains.annotations.NotNull'/>
    </item>
    <item name='com.google.android.gms.common.data.DataBufferUtils java.util.ArrayList&lt;T&gt; freezeAndClose(com.google.android.gms.common.data.DataBuffer&lt;E&gt;)'>
        <annotation name='org.jetbrains.annotations.NotNull'/>
    </item>
    <item name='com.google.android.gms.common.data.DataHolder.zza com.google.android.gms.common.data.DataHolder zzcb(int)'>
        <annotation name='org.jetbrains.annotations.NotNull'/>
    </item>
    <item name='com.google.android.gms.common.data.DataHolder.zza com.google.android.gms.common.data.DataHolder.zza zza(android.content.ContentValues)'>
        <annotation name='org.jetbrains.annotations.NotNull'/>
    </item>
    <item name='com.google.android.gms.common.data.zza java.lang.Object createFromParcel(android.os.Parcel) 0'>
        <annotation name='org.jetbrains.annotations.NotNull'/>
    </item>
    <item name='com.google.android.gms.common.data.zzd void zza(com.google.android.gms.common.data.DataHolder.zza, T) 0'>
        <annotation name='org.jetbrains.annotations.NotNull'/>
    </item>
    <item name='com.google.android.gms.common.data.AbstractDataBuffer java.util.Iterator&lt;T&gt; iterator()'>
        <annotation name='org.jetbrains.annotations.NotNull'/>
    </item>
    <item name='com.google.android.gms.common.data.DataBufferUtils java.util.ArrayList&lt;T&gt; freezeAndClose(com.google.android.gms.common.data.DataBuffer&lt;E&gt;) 0'>
        <annotation name='org.jetbrains.annotations.NotNull'/>
    </item>
    <item name='com.google.android.gms.common.data.zzf java.lang.Object[] newArray(int)'>
        <annotation name='org.jetbrains.annotations.NotNull'/>
    </item>
    <item name='com.google.android.gms.common.data.AbstractDataBuffer java.util.Iterator&lt;T&gt; singleRefIterator()'>
        <annotation name='org.jetbrains.annotations.NotNull'/>
    </item>
    <item name='com.google.android.gms.common.data.DataBuffer java.util.Iterator&lt;T&gt; singleRefIterator()'>
        <annotation name='org.jetbrains.annotations.NotNull'/>
        <annotation name='org.jetbrains.kannotator.runtime.annotations.Propagated'>
            <val name="value" val="{org.jetbrains.kannotator.controlFlow.builder.analysis.NullabilityKey.class}"/>
        </annotation>
    </item>
    <item name='com.google.android.gms.common.data.FreezableUtils java.util.ArrayList&lt;T&gt; freeze(E[])'>
        <annotation name='org.jetbrains.annotations.NotNull'/>
    </item>
    <item name='com.google.android.gms.common.data.FreezableUtils java.util.ArrayList&lt;T&gt; freezeIterable(java.lang.Iterable&lt;E&gt;) 0'>
        <annotation name='org.jetbrains.annotations.NotNull'/>
    </item>
    <item name='com.google.android.gms.common.data.FreezableUtils java.util.ArrayList&lt;T&gt; freezeIterable(java.lang.Iterable&lt;E&gt;)'>
        <annotation name='org.jetbrains.annotations.NotNull'/>
    </item>
    <item name='com.google.android.gms.common.data.BitmapTeleporter CREATOR'>
        <annotation name='org.jetbrains.annotations.NotNull'/>
    </item>
    <item name='com.google.android.gms.common.data.DataBufferUtils boolean hasNextPage(com.google.android.gms.common.data.DataBuffer&lt;?&gt;) 0'>
        <annotation name='org.jetbrains.annotations.NotNull'/>
    </item>
    <item name='com.google.android.gms.common.data.BitmapTeleporter void setTempDir(java.io.File) 0'>
        <annotation name='org.jetbrains.annotations.NotNull'/>
    </item>
</root>
