<root>
    <item name='android.arch.lifecycle.LifecycleRegistry void handleLifecycleEvent(android.arch.lifecycle.Lifecycle.Event) 0'>
        <annotation name='org.jetbrains.annotations.NotNull'/>
    </item>
    <item name='android.arch.lifecycle.BuildConfig VERSION_NAME'>
        <annotation name='org.jetbrains.annotations.NotNull'/>
    </item>
    <item name='android.arch.lifecycle.ReportFragment void injectIfNeededIn(android.app.Activity) 0'>
        <annotation name='org.jetbrains.annotations.NotNull'/>
    </item>
    <item name='android.arch.lifecycle.BuildConfig APPLICATION_ID'>
        <annotation name='org.jetbrains.annotations.NotNull'/>
    </item>
    <item name='android.arch.lifecycle.BuildConfig BUILD_TYPE'>
        <annotation name='org.jetbrains.annotations.NotNull'/>
    </item>
    <item name='android.arch.lifecycle.BuildConfig FLAVOR'>
        <annotation name='org.jetbrains.annotations.NotNull'/>
    </item>
</root>
