<root>
    <item name='com.google.android.gms.common.internal.zzbq T checkNotNull(T, java.lang.Object) 0'>
        <annotation name='org.jetbrains.annotations.NotNull'/>
    </item>
    <item name='com.google.android.gms.common.internal.zzd void onConnectionFailed(com.google.android.gms.common.ConnectionResult) 0'>
        <annotation name='org.jetbrains.annotations.NotNull'/>
    </item>
    <item name='com.google.android.gms.common.internal.zzbq T checkNotNull(T)'>
        <annotation name='org.jetbrains.annotations.NotNull'/>
    </item>
    <item name='com.google.android.gms.common.internal.zzd zzd(android.content.Context, android.os.Looper, int, com.google.android.gms.common.internal.zzf, com.google.android.gms.common.internal.zzg, java.lang.String) 1'>
        <annotation name='org.jetbrains.annotations.NotNull'/>
    </item>
    <item name='com.google.android.gms.common.internal.zzd android.content.Context getContext()'>
        <annotation name='org.jetbrains.annotations.NotNull'/>
    </item>
    <item name='com.google.android.gms.common.internal.zzbq T checkNotNull(T) 0'>
        <annotation name='org.jetbrains.annotations.NotNull'/>
    </item>
    <item name='com.google.android.gms.common.internal.zzz void writeToParcel(android.os.Parcel, int) 0'>
        <annotation name='org.jetbrains.annotations.NotNull'/>
    </item>
    <item name='com.google.android.gms.common.internal.zzbq T checkNotNull(T, java.lang.Object)'>
        <annotation name='org.jetbrains.annotations.NotNull'/>
    </item>
    <item name='com.google.android.gms.common.internal.zzak android.content.Intent zzgk(java.lang.String)'>
        <annotation name='org.jetbrains.annotations.NotNull'/>
    </item>
    <item name='com.google.android.gms.common.internal.zzag boolean zza(android.content.ComponentName, android.content.ServiceConnection, java.lang.String) 0'>
        <annotation name='org.jetbrains.annotations.NotNull'/>
    </item>
    <item name='com.google.android.gms.common.internal.zzal zzal(java.lang.String, java.lang.String) 0'>
        <annotation name='org.jetbrains.annotations.NotNull'/>
    </item>
    <item name='com.google.android.gms.common.internal.zzaa java.lang.Object[] newArray(int)'>
        <annotation name='org.jetbrains.annotations.NotNull'/>
    </item>
    <item name='com.google.android.gms.common.internal.zzd zzd(android.content.Context, android.os.Looper, com.google.android.gms.common.internal.zzag, com.google.android.gms.common.zzf, int, com.google.android.gms.common.internal.zzf, com.google.android.gms.common.internal.zzg, java.lang.String) 1'>
        <annotation name='org.jetbrains.annotations.NotNull'/>
    </item>
    <item name='com.google.android.gms.common.internal.zzay void zza(com.google.android.gms.common.internal.zzaw, com.google.android.gms.common.internal.zzz) 1'>
        <annotation name='org.jetbrains.annotations.NotNull'/>
        <annotation name='org.jetbrains.kannotator.runtime.annotations.Propagated'>
            <val name="value" val="{org.jetbrains.kannotator.controlFlow.builder.analysis.NullabilityKey.class}"/>
        </annotation>
    </item>
    <item name='com.google.android.gms.common.internal.zzd com.google.android.gms.common.zzc[] zzakl()'>
        <annotation name='org.jetbrains.annotations.NotNull'/>
    </item>
    <item name='com.google.android.gms.common.internal.zzah zzah(android.content.ComponentName, int) 0'>
        <annotation name='org.jetbrains.annotations.NotNull'/>
    </item>
    <item name='com.google.android.gms.common.internal.zzak android.content.Intent zzt(java.lang.String, java.lang.String)'>
        <annotation name='org.jetbrains.annotations.NotNull'/>
    </item>
    <item name='com.google.android.gms.common.internal.BinderWrapper void writeToParcel(android.os.Parcel, int) 0'>
        <annotation name='org.jetbrains.annotations.NotNull'/>
    </item>
    <item name='com.google.android.gms.common.internal.zzc void zzb(java.lang.Object, java.lang.Object) 0'>
        <annotation name='org.jetbrains.annotations.NotNull'/>
    </item>
    <item name='com.google.android.gms.common.internal.zzd android.os.Looper getLooper()'>
        <annotation name='org.jetbrains.annotations.NotNull'/>
    </item>
    <item name='com.google.android.gms.common.internal.zzd void dump(java.lang.String, java.io.FileDescriptor, java.io.PrintWriter, java.lang.String[]) 2'>
        <annotation name='org.jetbrains.annotations.NotNull'/>
    </item>
    <item name='com.google.android.gms.common.internal.zzbi com.google.android.gms.common.internal.zzbi zzg(java.lang.String, java.lang.Object) 0'>
        <annotation name='org.jetbrains.annotations.NotNull'/>
    </item>
    <item name='com.google.android.gms.common.internal.zzn void zzj(com.google.android.gms.common.ConnectionResult) 0'>
        <annotation name='org.jetbrains.annotations.NotNull'/>
    </item>
    <item name='com.google.android.gms.common.internal.zzbi com.google.android.gms.common.internal.zzbi zzg(java.lang.String, java.lang.Object)'>
        <annotation name='org.jetbrains.annotations.NotNull'/>
    </item>
    <item name='com.google.android.gms.common.internal.zzaa java.lang.Object createFromParcel(android.os.Parcel) 0'>
        <annotation name='org.jetbrains.annotations.NotNull'/>
    </item>
    <item name='com.google.android.gms.common.internal.zzaa java.lang.Object createFromParcel(android.os.Parcel)'>
        <annotation name='org.jetbrains.annotations.NotNull'/>
    </item>
    <item name='com.google.android.gms.common.internal.zzag void zzb(android.content.ComponentName, android.content.ServiceConnection, java.lang.String) 0'>
        <annotation name='org.jetbrains.annotations.NotNull'/>
    </item>
    <item name='com.google.android.gms.common.internal.zzd zzd(android.content.Context, android.os.Looper, com.google.android.gms.common.internal.zzag, com.google.android.gms.common.zzf, int, com.google.android.gms.common.internal.zzf, com.google.android.gms.common.internal.zzg, java.lang.String) 0'>
        <annotation name='org.jetbrains.annotations.NotNull'/>
    </item>
    <item name='com.google.android.gms.common.internal.zzal zzal(java.lang.String) 0'>
        <annotation name='org.jetbrains.annotations.NotNull'/>
    </item>
    <item name='com.google.android.gms.common.internal.zzca zzca(android.content.Context) 0'>
        <annotation name='org.jetbrains.annotations.NotNull'/>
    </item>
    <item name='com.google.android.gms.common.internal.zzak android.content.Intent zzaln()'>
        <annotation name='org.jetbrains.annotations.NotNull'/>
    </item>
    <item name='com.google.android.gms.common.internal.BinderWrapper CREATOR'>
        <annotation name='org.jetbrains.annotations.NotNull'/>
    </item>
    <item name='com.google.android.gms.common.internal.zzag boolean zza(com.google.android.gms.common.internal.zzah, android.content.ServiceConnection, java.lang.String) 1'>
        <annotation name='org.jetbrains.annotations.NotNull'/>
        <annotation name='org.jetbrains.kannotator.runtime.annotations.Propagated'>
            <val name="value" val="{org.jetbrains.kannotator.controlFlow.builder.analysis.NullabilityKey.class}"/>
        </annotation>
    </item>
    <item name='com.google.android.gms.common.internal.zzd void zza(com.google.android.gms.common.internal.zzj) 0'>
        <annotation name='org.jetbrains.annotations.NotNull'/>
    </item>
    <item name='com.google.android.gms.common.internal.zzag void zzb(com.google.android.gms.common.internal.zzah, android.content.ServiceConnection, java.lang.String) 1'>
        <annotation name='org.jetbrains.annotations.NotNull'/>
        <annotation name='org.jetbrains.kannotator.runtime.annotations.Propagated'>
            <val name="value" val="{org.jetbrains.kannotator.controlFlow.builder.analysis.NullabilityKey.class}"/>
        </annotation>
    </item>
    <item name='com.google.android.gms.common.internal.zzd zzd(android.content.Context, android.os.Looper, int, com.google.android.gms.common.internal.zzf, com.google.android.gms.common.internal.zzg, java.lang.String) 3'>
        <annotation name='org.jetbrains.annotations.NotNull'/>
    </item>
    <item name='com.google.android.gms.common.internal.zzd zzd(android.content.Context, android.os.Looper, com.google.android.gms.common.internal.zzag, com.google.android.gms.common.zzf, int, com.google.android.gms.common.internal.zzf, com.google.android.gms.common.internal.zzg, java.lang.String) 3'>
        <annotation name='org.jetbrains.annotations.NotNull'/>
    </item>
    <item name='com.google.android.gms.common.internal.zzd void zza(com.google.android.gms.common.internal.zzj, int, android.app.PendingIntent) 0'>
        <annotation name='org.jetbrains.annotations.NotNull'/>
    </item>
    <item name='com.google.android.gms.common.internal.zzd android.os.Bundle zzaap()'>
        <annotation name='org.jetbrains.annotations.NotNull'/>
    </item>
    <item name='com.google.android.gms.common.internal.zzm void zzf(com.google.android.gms.common.ConnectionResult) 0'>
        <annotation name='org.jetbrains.annotations.NotNull'/>
    </item>
    <item name='com.google.android.gms.common.internal.zzbq void zza(android.os.Handler) 0'>
        <annotation name='org.jetbrains.annotations.NotNull'/>
    </item>
    <item name='com.google.android.gms.common.internal.zzc void zzv(java.lang.Object) 0'>
        <annotation name='org.jetbrains.annotations.NotNull'/>
    </item>
    <item name='com.google.android.gms.common.internal.zzd zzd(android.content.Context, android.os.Looper, int, com.google.android.gms.common.internal.zzf, com.google.android.gms.common.internal.zzg, java.lang.String) 0'>
        <annotation name='org.jetbrains.annotations.NotNull'/>
    </item>
    <item name='com.google.android.gms.common.internal.zzo void zzj(com.google.android.gms.common.ConnectionResult) 0'>
        <annotation name='org.jetbrains.annotations.NotNull'/>
    </item>
    <item name='com.google.android.gms.common.internal.zzd zzd(android.content.Context, android.os.Looper, int, com.google.android.gms.common.internal.zzf, com.google.android.gms.common.internal.zzg, java.lang.String) 4'>
        <annotation name='org.jetbrains.annotations.NotNull'/>
    </item>
    <item name='com.google.android.gms.common.internal.zzbg com.google.android.gms.common.internal.zzbi zzx(java.lang.Object)'>
        <annotation name='org.jetbrains.annotations.NotNull'/>
    </item>
    <item name='com.google.android.gms.common.internal.zzbg com.google.android.gms.common.internal.zzbi zzx(java.lang.Object) 0'>
        <annotation name='org.jetbrains.annotations.NotNull'/>
    </item>
    <item name='com.google.android.gms.common.internal.zzay void zza(com.google.android.gms.common.internal.zzaw, com.google.android.gms.common.internal.zzz) 0'>
        <annotation name='org.jetbrains.annotations.NotNull'/>
        <annotation name='org.jetbrains.kannotator.runtime.annotations.Propagated'>
            <val name="value" val="{org.jetbrains.kannotator.controlFlow.builder.analysis.NullabilityKey.class}"/>
        </annotation>
    </item>
    <item name='com.google.android.gms.common.internal.zzd zzd(android.content.Context, android.os.Looper, com.google.android.gms.common.internal.zzag, com.google.android.gms.common.zzf, int, com.google.android.gms.common.internal.zzf, com.google.android.gms.common.internal.zzg, java.lang.String) 2'>
        <annotation name='org.jetbrains.annotations.NotNull'/>
    </item>
    <item name='com.google.android.gms.common.internal.zzj void zzf(com.google.android.gms.common.ConnectionResult) 0'>
        <annotation name='org.jetbrains.annotations.NotNull'/>
        <annotation name='org.jetbrains.kannotator.runtime.annotations.Propagated'>
            <val name="value" val="{org.jetbrains.kannotator.controlFlow.builder.analysis.NullabilityKey.class}"/>
        </annotation>
    </item>
    <item name='com.google.android.gms.common.internal.zzd void zza(com.google.android.gms.common.internal.zzp) 0'>
        <annotation name='org.jetbrains.annotations.NotNull'/>
    </item>
    <item name='com.google.android.gms.common.internal.zzd java.lang.String zzakh()'>
        <annotation name='org.jetbrains.annotations.NotNull'/>
    </item>
    <item name='com.google.android.gms.common.internal.zzz CREATOR'>
        <annotation name='org.jetbrains.annotations.NotNull'/>
    </item>
</root>
