<root>
    <item name='android.support.constraint.solver.widgets.ConstraintWidgetContainer void findVerticalWrapRecursive(android.support.constraint.solver.widgets.ConstraintWidget, boolean[]) 0'>
        <annotation name='org.jetbrains.annotations.NotNull'/>
    </item>
    <item name='android.support.constraint.solver.widgets.ConstraintAnchor.Strength STRONG'>
        <annotation name='org.jetbrains.annotations.NotNull'/>
    </item>
    <item name='android.support.constraint.solver.widgets.ConstraintWidget.DimensionBehaviour MATCH_CONSTRAINT'>
        <annotation name='org.jetbrains.annotations.NotNull'/>
    </item>
    <item name='android.support.constraint.solver.widgets.ConstraintWidget void connect(android.support.constraint.solver.widgets.ConstraintAnchor, android.support.constraint.solver.widgets.ConstraintAnchor, int, int) 0'>
        <annotation name='org.jetbrains.annotations.NotNull'/>
    </item>
    <item name='android.support.constraint.solver.widgets.ConstraintAnchor.Strength WEAK'>
        <annotation name='org.jetbrains.annotations.NotNull'/>
    </item>
    <item name='android.support.constraint.solver.widgets.Snapshot Snapshot(android.support.constraint.solver.widgets.ConstraintWidget) 0'>
        <annotation name='org.jetbrains.annotations.NotNull'/>
    </item>
    <item name='android.support.constraint.solver.widgets.ConstraintHorizontalLayout.ContentAlignment TOP'>
        <annotation name='org.jetbrains.annotations.NotNull'/>
    </item>
    <item name='android.support.constraint.solver.widgets.ConstraintWidget.ContentAlignment END'>
        <annotation name='org.jetbrains.annotations.NotNull'/>
    </item>
    <item name='android.support.constraint.solver.widgets.ConstraintAnchor.Type LEFT'>
        <annotation name='org.jetbrains.annotations.NotNull'/>
    </item>
    <item name='android.support.constraint.solver.widgets.Guideline java.lang.String getType()'>
        <annotation name='org.jetbrains.annotations.NotNull'/>
    </item>
    <item name='android.support.constraint.solver.widgets.ConstraintWidget.ContentAlignment BEGIN'>
        <annotation name='org.jetbrains.annotations.NotNull'/>
    </item>
    <item name='android.support.constraint.solver.widgets.ConstraintWidget.ContentAlignment LEFT'>
        <annotation name='org.jetbrains.annotations.NotNull'/>
    </item>
    <item name='android.support.constraint.solver.widgets.ConstraintWidgetContainer void findHorizontalWrapRecursive(android.support.constraint.solver.widgets.ConstraintWidget, boolean[]) 0'>
        <annotation name='org.jetbrains.annotations.NotNull'/>
    </item>
    <item name='android.support.constraint.solver.widgets.WidgetContainer android.support.constraint.solver.widgets.Rectangle getBounds(java.util.ArrayList&lt;android.support.constraint.solver.widgets.ConstraintWidget&gt;)'>
        <annotation name='org.jetbrains.annotations.NotNull'/>
    </item>
    <item name='android.support.constraint.solver.widgets.Snapshot void updateFrom(android.support.constraint.solver.widgets.ConstraintWidget) 0'>
        <annotation name='org.jetbrains.annotations.NotNull'/>
    </item>
    <item name='android.support.constraint.solver.widgets.ConstraintTableLayout java.lang.String getType()'>
        <annotation name='org.jetbrains.annotations.NotNull'/>
    </item>
    <item name='android.support.constraint.solver.widgets.Snapshot void applyTo(android.support.constraint.solver.widgets.ConstraintWidget) 0'>
        <annotation name='org.jetbrains.annotations.NotNull'/>
    </item>
    <item name='android.support.constraint.solver.widgets.ConstraintAnchor boolean isSimilarDimensionConnection(android.support.constraint.solver.widgets.ConstraintAnchor) 0'>
        <annotation name='org.jetbrains.annotations.NotNull'/>
    </item>
    <item name='android.support.constraint.solver.widgets.ConstraintWidgetContainer java.util.ArrayList&lt;android.support.constraint.solver.widgets.Guideline&gt; getHorizontalGuidelines()'>
        <annotation name='org.jetbrains.annotations.NotNull'/>
    </item>
    <item name='android.support.constraint.solver.widgets.ConstraintHorizontalLayout.ContentAlignment BOTTOM'>
        <annotation name='org.jetbrains.annotations.NotNull'/>
    </item>
    <item name='android.support.constraint.solver.widgets.ConstraintWidget void connect(android.support.constraint.solver.widgets.ConstraintAnchor, android.support.constraint.solver.widgets.ConstraintAnchor, int, android.support.constraint.solver.widgets.ConstraintAnchor.Strength, int) 0'>
        <annotation name='org.jetbrains.annotations.NotNull'/>
    </item>
    <item name='android.support.constraint.solver.widgets.Guideline android.support.constraint.solver.widgets.ConstraintAnchor getAnchor(android.support.constraint.solver.widgets.ConstraintAnchor.Type) 0'>
        <annotation name='org.jetbrains.annotations.NotNull'/>
    </item>
    <item name='android.support.constraint.solver.widgets.ConstraintWidget.ContentAlignment VERTICAL_MIDDLE'>
        <annotation name='org.jetbrains.annotations.NotNull'/>
    </item>
    <item name='android.support.constraint.solver.widgets.ConstraintWidgetContainer java.lang.String getType()'>
        <annotation name='org.jetbrains.annotations.NotNull'/>
    </item>
    <item name='android.support.constraint.solver.widgets.ConstraintTableLayout void setDebugSolverName(android.support.constraint.solver.LinearSystem, java.lang.String) 0'>
        <annotation name='org.jetbrains.annotations.NotNull'/>
        <annotation name='org.jetbrains.kannotator.runtime.annotations.Propagated'>
            <val name="value" val="{org.jetbrains.kannotator.controlFlow.builder.analysis.NullabilityKey.class}"/>
        </annotation>
    </item>
    <item name='android.support.constraint.solver.widgets.ConstraintWidget.DimensionBehaviour FIXED'>
        <annotation name='org.jetbrains.annotations.NotNull'/>
    </item>
    <item name='android.support.constraint.solver.widgets.ConstraintWidget void immediateConnect(android.support.constraint.solver.widgets.ConstraintAnchor.Type, android.support.constraint.solver.widgets.ConstraintWidget, android.support.constraint.solver.widgets.ConstraintAnchor.Type, int, int) 2'>
        <annotation name='org.jetbrains.annotations.NotNull'/>
    </item>
    <item name='android.support.constraint.solver.widgets.ConstraintWidget void setGoneMargin(android.support.constraint.solver.widgets.ConstraintAnchor.Type, int) 0'>
        <annotation name='org.jetbrains.annotations.NotNull'/>
    </item>
    <item name='android.support.constraint.solver.widgets.ConstraintWidgetContainer void findWrapSize(java.util.ArrayList&lt;android.support.constraint.solver.widgets.ConstraintWidget&gt;, boolean[]) 1'>
        <annotation name='org.jetbrains.annotations.NotNull'/>
    </item>
    <item name='android.support.constraint.solver.widgets.ConstraintWidgetContainer java.util.ArrayList&lt;android.support.constraint.solver.widgets.Guideline&gt; getVerticalGuidelines()'>
        <annotation name='org.jetbrains.annotations.NotNull'/>
    </item>
    <item name='android.support.constraint.solver.widgets.ConstraintWidget.DimensionBehaviour WRAP_CONTENT'>
        <annotation name='org.jetbrains.annotations.NotNull'/>
    </item>
    <item name='android.support.constraint.solver.widgets.ConstraintWidget.ContentAlignment TOP'>
        <annotation name='org.jetbrains.annotations.NotNull'/>
    </item>
    <item name='android.support.constraint.solver.widgets.ConstraintWidget.ContentAlignment RIGHT'>
        <annotation name='org.jetbrains.annotations.NotNull'/>
    </item>
    <item name='android.support.constraint.solver.widgets.WidgetContainer android.support.constraint.solver.widgets.Rectangle getBounds(java.util.ArrayList&lt;android.support.constraint.solver.widgets.ConstraintWidget&gt;) 0'>
        <annotation name='org.jetbrains.annotations.NotNull'/>
    </item>
    <item name='android.support.constraint.solver.widgets.ConstraintAnchor.Type CENTER'>
        <annotation name='org.jetbrains.annotations.NotNull'/>
    </item>
    <item name='android.support.constraint.solver.widgets.ConstraintWidget void immediateConnect(android.support.constraint.solver.widgets.ConstraintAnchor.Type, android.support.constraint.solver.widgets.ConstraintWidget, android.support.constraint.solver.widgets.ConstraintAnchor.Type, int, int) 1'>
        <annotation name='org.jetbrains.annotations.NotNull'/>
    </item>
    <item name='android.support.constraint.solver.widgets.ConstraintWidget.DimensionBehaviour MATCH_PARENT'>
        <annotation name='org.jetbrains.annotations.NotNull'/>
    </item>
    <item name='android.support.constraint.solver.widgets.ConstraintAnchor.Type BASELINE'>
        <annotation name='org.jetbrains.annotations.NotNull'/>
    </item>
    <item name='android.support.constraint.solver.widgets.ConstraintAnchor.Type NONE'>
        <annotation name='org.jetbrains.annotations.NotNull'/>
    </item>
    <item name='android.support.constraint.solver.widgets.ConstraintWidget java.lang.String getType()'>
        <annotation name='org.jetbrains.annotations.NotNull'/>
        <annotation name='org.jetbrains.kannotator.runtime.annotations.Propagated'>
            <val name="value" val="{org.jetbrains.kannotator.controlFlow.builder.analysis.NullabilityKey.class}"/>
        </annotation>
    </item>
    <item name='android.support.constraint.solver.widgets.ConstraintWidget.ContentAlignment BOTTOM'>
        <annotation name='org.jetbrains.annotations.NotNull'/>
    </item>
    <item name='android.support.constraint.solver.widgets.ConstraintHorizontalLayout.ContentAlignment RIGHT'>
        <annotation name='org.jetbrains.annotations.NotNull'/>
    </item>
    <item name='android.support.constraint.solver.widgets.WidgetContainer void add(android.support.constraint.solver.widgets.ConstraintWidget) 0'>
        <annotation name='org.jetbrains.annotations.NotNull'/>
    </item>
    <item name='android.support.constraint.solver.widgets.ConstraintAnchor.ConnectionType RELAXED'>
        <annotation name='org.jetbrains.annotations.NotNull'/>
    </item>
    <item name='android.support.constraint.solver.widgets.ConstraintAnchor.Type BOTTOM'>
        <annotation name='org.jetbrains.annotations.NotNull'/>
    </item>
    <item name='android.support.constraint.solver.widgets.ConstraintAnchor.Type TOP'>
        <annotation name='org.jetbrains.annotations.NotNull'/>
    </item>
    <item name='android.support.constraint.solver.widgets.ConstraintHorizontalLayout.ContentAlignment LEFT'>
        <annotation name='org.jetbrains.annotations.NotNull'/>
    </item>
    <item name='android.support.constraint.solver.widgets.ConstraintWidget android.support.constraint.solver.widgets.ConstraintAnchor getAnchor(android.support.constraint.solver.widgets.ConstraintAnchor.Type) 0'>
        <annotation name='org.jetbrains.annotations.NotNull'/>
    </item>
    <item name='android.support.constraint.solver.widgets.ConstraintWidgetContainer void findWrapSize(java.util.ArrayList&lt;android.support.constraint.solver.widgets.ConstraintWidget&gt;, boolean[]) 0'>
        <annotation name='org.jetbrains.annotations.NotNull'/>
    </item>
    <item name='android.support.constraint.solver.widgets.ConstraintWidget void connect(android.support.constraint.solver.widgets.ConstraintAnchor, android.support.constraint.solver.widgets.ConstraintAnchor, int) 0'>
        <annotation name='org.jetbrains.annotations.NotNull'/>
    </item>
    <item name='android.support.constraint.solver.widgets.ConstraintAnchor.Type CENTER_X'>
        <annotation name='org.jetbrains.annotations.NotNull'/>
    </item>
    <item name='android.support.constraint.solver.widgets.ConstraintWidget void setDebugSolverName(android.support.constraint.solver.LinearSystem, java.lang.String) 0'>
        <annotation name='org.jetbrains.annotations.NotNull'/>
    </item>
    <item name='android.support.constraint.solver.widgets.ConstraintHorizontalLayout.ContentAlignment BEGIN'>
        <annotation name='org.jetbrains.annotations.NotNull'/>
    </item>
    <item name='android.support.constraint.solver.widgets.ConstraintHorizontalLayout.ContentAlignment MIDDLE'>
        <annotation name='org.jetbrains.annotations.NotNull'/>
    </item>
    <item name='android.support.constraint.solver.widgets.ConstraintWidget void immediateConnect(android.support.constraint.solver.widgets.ConstraintAnchor.Type, android.support.constraint.solver.widgets.ConstraintWidget, android.support.constraint.solver.widgets.ConstraintAnchor.Type, int, int) 0'>
        <annotation name='org.jetbrains.annotations.NotNull'/>
    </item>
    <item name='android.support.constraint.solver.widgets.ConstraintTableLayout void setColumnAlignment(java.lang.String) 0'>
        <annotation name='org.jetbrains.annotations.NotNull'/>
    </item>
    <item name='android.support.constraint.solver.widgets.ConstraintHorizontalLayout.ContentAlignment VERTICAL_MIDDLE'>
        <annotation name='org.jetbrains.annotations.NotNull'/>
    </item>
    <item name='android.support.constraint.solver.widgets.ConstraintWidget.ContentAlignment MIDDLE'>
        <annotation name='org.jetbrains.annotations.NotNull'/>
    </item>
    <item name='android.support.constraint.solver.widgets.ConstraintAnchor.Type RIGHT'>
        <annotation name='org.jetbrains.annotations.NotNull'/>
    </item>
    <item name='android.support.constraint.solver.widgets.ConstraintTableLayout java.lang.String getColumnAlignmentRepresentation(int)'>
        <annotation name='org.jetbrains.annotations.NotNull'/>
    </item>
    <item name='android.support.constraint.solver.widgets.ConstraintAnchor.ConnectionType STRICT'>
        <annotation name='org.jetbrains.annotations.NotNull'/>
    </item>
    <item name='android.support.constraint.solver.widgets.WidgetContainer void remove(android.support.constraint.solver.widgets.ConstraintWidget) 0'>
        <annotation name='org.jetbrains.annotations.NotNull'/>
    </item>
    <item name='android.support.constraint.solver.widgets.ConstraintHorizontalLayout.ContentAlignment END'>
        <annotation name='org.jetbrains.annotations.NotNull'/>
    </item>
    <item name='android.support.constraint.solver.widgets.WidgetContainer java.util.ArrayList&lt;android.support.constraint.solver.widgets.ConstraintWidget&gt; findWidgets(int, int, int, int)'>
        <annotation name='org.jetbrains.annotations.NotNull'/>
    </item>
    <item name='android.support.constraint.solver.widgets.ConstraintWidgetContainer void updateChildrenFromSolver(android.support.constraint.solver.LinearSystem, int, boolean[]) 2'>
        <annotation name='org.jetbrains.annotations.NotNull'/>
    </item>
    <item name='android.support.constraint.solver.widgets.ConstraintAnchor.Strength NONE'>
        <annotation name='org.jetbrains.annotations.NotNull'/>
    </item>
    <item name='android.support.constraint.solver.widgets.ConstraintAnchor.Type CENTER_Y'>
        <annotation name='org.jetbrains.annotations.NotNull'/>
    </item>
</root>
