<root>
    <item name='android.support.constraint.solver.ArrayRow android.support.constraint.solver.ArrayRow createRowEquals(android.support.constraint.solver.SolverVariable, int)'>
        <annotation name='org.jetbrains.annotations.NotNull'/>
    </item>
    <item name='android.support.constraint.solver.LinearSystem android.support.constraint.solver.ArrayRow addEquality(android.support.constraint.solver.SolverVariable, android.support.constraint.solver.SolverVariable, int, int)'>
        <annotation name='org.jetbrains.annotations.NotNull'/>
    </item>
    <item name='android.support.constraint.solver.LinearSystem android.support.constraint.solver.ArrayRow createRowLowerThan(android.support.constraint.solver.LinearSystem, android.support.constraint.solver.SolverVariable, android.support.constraint.solver.SolverVariable, int, boolean)'>
        <annotation name='org.jetbrains.annotations.NotNull'/>
    </item>
    <item name='android.support.constraint.solver.SolverVariable.Type UNRESTRICTED'>
        <annotation name='org.jetbrains.annotations.NotNull'/>
    </item>
    <item name='android.support.constraint.solver.LinearSystem android.support.constraint.solver.ArrayRow createRowLowerThan(android.support.constraint.solver.LinearSystem, android.support.constraint.solver.SolverVariable, android.support.constraint.solver.SolverVariable, int, boolean) 0'>
        <annotation name='org.jetbrains.annotations.NotNull'/>
    </item>
    <item name='android.support.constraint.solver.ArrayRow android.support.constraint.solver.ArrayRow addError(android.support.constraint.solver.SolverVariable, android.support.constraint.solver.SolverVariable)'>
        <annotation name='org.jetbrains.annotations.NotNull'/>
    </item>
    <item name='android.support.constraint.solver.SolverVariable.Type ERROR'>
        <annotation name='org.jetbrains.annotations.NotNull'/>
    </item>
    <item name='android.support.constraint.solver.SolverVariable.Type SLACK'>
        <annotation name='org.jetbrains.annotations.NotNull'/>
    </item>
    <item name='android.support.constraint.solver.ArrayRow android.support.constraint.solver.ArrayRow createRowEquals(android.support.constraint.solver.SolverVariable, android.support.constraint.solver.SolverVariable, int)'>
        <annotation name='org.jetbrains.annotations.NotNull'/>
    </item>
    <item name='android.support.constraint.solver.ArrayRow android.support.constraint.solver.ArrayRow createRowDimensionRatio(android.support.constraint.solver.SolverVariable, android.support.constraint.solver.SolverVariable, android.support.constraint.solver.SolverVariable, android.support.constraint.solver.SolverVariable, float)'>
        <annotation name='org.jetbrains.annotations.NotNull'/>
    </item>
    <item name='android.support.constraint.solver.LinearSystem android.support.constraint.solver.ArrayRow createRowDimensionPercent(android.support.constraint.solver.LinearSystem, android.support.constraint.solver.SolverVariable, android.support.constraint.solver.SolverVariable, android.support.constraint.solver.SolverVariable, float, boolean) 0'>
        <annotation name='org.jetbrains.annotations.NotNull'/>
    </item>
    <item name='android.support.constraint.solver.SolverVariable.Type CONSTANT'>
        <annotation name='org.jetbrains.annotations.NotNull'/>
    </item>
    <item name='android.support.constraint.solver.ArrayRow android.support.constraint.solver.ArrayRow createRowGreaterThan(android.support.constraint.solver.SolverVariable, android.support.constraint.solver.SolverVariable, android.support.constraint.solver.SolverVariable, int)'>
        <annotation name='org.jetbrains.annotations.NotNull'/>
    </item>
    <item name='android.support.constraint.solver.LinearSystem android.support.constraint.solver.SolverVariable createErrorVariable()'>
        <annotation name='org.jetbrains.annotations.NotNull'/>
    </item>
    <item name='android.support.constraint.solver.LinearSystem android.support.constraint.solver.ArrayRow createRowEquals(android.support.constraint.solver.LinearSystem, android.support.constraint.solver.SolverVariable, android.support.constraint.solver.SolverVariable, int, boolean)'>
        <annotation name='org.jetbrains.annotations.NotNull'/>
    </item>
    <item name='android.support.constraint.solver.LinearSystem android.support.constraint.solver.ArrayRow createRowEquals(android.support.constraint.solver.LinearSystem, android.support.constraint.solver.SolverVariable, android.support.constraint.solver.SolverVariable, int, boolean) 0'>
        <annotation name='org.jetbrains.annotations.NotNull'/>
    </item>
    <item name='android.support.constraint.solver.LinearSystem android.support.constraint.solver.ArrayRow createRowGreaterThan(android.support.constraint.solver.LinearSystem, android.support.constraint.solver.SolverVariable, android.support.constraint.solver.SolverVariable, int, boolean)'>
        <annotation name='org.jetbrains.annotations.NotNull'/>
    </item>
    <item name='android.support.constraint.solver.LinearSystem int getObjectVariableValue(java.lang.Object) 0'>
        <annotation name='org.jetbrains.annotations.NotNull'/>
    </item>
    <item name='android.support.constraint.solver.ArrayRow android.support.constraint.solver.ArrayRow createRowLowerThan(android.support.constraint.solver.SolverVariable, android.support.constraint.solver.SolverVariable, android.support.constraint.solver.SolverVariable, int)'>
        <annotation name='org.jetbrains.annotations.NotNull'/>
    </item>
    <item name='android.support.constraint.solver.LinearSystem void addEquality(android.support.constraint.solver.SolverVariable, int) 0'>
        <annotation name='org.jetbrains.annotations.NotNull'/>
    </item>
    <item name='android.support.constraint.solver.LinearSystem android.support.constraint.solver.ArrayRow createRowCentering(android.support.constraint.solver.LinearSystem, android.support.constraint.solver.SolverVariable, android.support.constraint.solver.SolverVariable, int, float, android.support.constraint.solver.SolverVariable, android.support.constraint.solver.SolverVariable, int, boolean)'>
        <annotation name='org.jetbrains.annotations.NotNull'/>
    </item>
    <item name='android.support.constraint.solver.LinearSystem android.support.constraint.solver.SolverVariable createSlackVariable()'>
        <annotation name='org.jetbrains.annotations.NotNull'/>
    </item>
    <item name='android.support.constraint.solver.ArrayRow android.support.constraint.solver.ArrayRow createRowEqualDimension(float, float, float, android.support.constraint.solver.SolverVariable, int, android.support.constraint.solver.SolverVariable, int, android.support.constraint.solver.SolverVariable, int, android.support.constraint.solver.SolverVariable, int)'>
        <annotation name='org.jetbrains.annotations.NotNull'/>
    </item>
    <item name='android.support.constraint.solver.LinearSystem android.support.constraint.solver.ArrayRow createRowDimensionPercent(android.support.constraint.solver.LinearSystem, android.support.constraint.solver.SolverVariable, android.support.constraint.solver.SolverVariable, android.support.constraint.solver.SolverVariable, float, boolean)'>
        <annotation name='org.jetbrains.annotations.NotNull'/>
    </item>
    <item name='android.support.constraint.solver.LinearSystem android.support.constraint.solver.Cache getCache()'>
        <annotation name='org.jetbrains.annotations.NotNull'/>
    </item>
    <item name='android.support.constraint.solver.LinearSystem android.support.constraint.solver.ArrayRow createRowGreaterThan(android.support.constraint.solver.LinearSystem, android.support.constraint.solver.SolverVariable, android.support.constraint.solver.SolverVariable, int, boolean) 0'>
        <annotation name='org.jetbrains.annotations.NotNull'/>
    </item>
    <item name='android.support.constraint.solver.LinearSystem android.support.constraint.solver.ArrayRow createRow()'>
        <annotation name='org.jetbrains.annotations.NotNull'/>
    </item>
    <item name='android.support.constraint.solver.LinearSystem android.support.constraint.solver.ArrayRow createRowCentering(android.support.constraint.solver.LinearSystem, android.support.constraint.solver.SolverVariable, android.support.constraint.solver.SolverVariable, int, float, android.support.constraint.solver.SolverVariable, android.support.constraint.solver.SolverVariable, int, boolean) 0'>
        <annotation name='org.jetbrains.annotations.NotNull'/>
    </item>
    <item name='android.support.constraint.solver.SolverVariable.Type UNKNOWN'>
        <annotation name='org.jetbrains.annotations.NotNull'/>
    </item>
</root>
