<root>
    <item name='org.junit.runner.manipulation.Filterable void filter(org.junit.runner.manipulation.Filter) 0'>
        <annotation name='org.jetbrains.annotations.NotNull'/>
        <annotation name='org.jetbrains.kannotator.runtime.annotations.Propagated'>
            <val name="value" val="{org.jetbrains.kannotator.controlFlow.builder.analysis.NullabilityKey.class}"/>
        </annotation>
    </item>
    <item name='org.junit.runner.manipulation.Filter ALL'>
        <annotation name='org.jetbrains.annotations.NotNull'/>
    </item>
    <item name='org.junit.runner.manipulation.Sorter NULL'>
        <annotation name='org.jetbrains.annotations.NotNull'/>
    </item>
    <item name='org.junit.runner.manipulation.Sortable void sort(org.junit.runner.manipulation.Sorter) 0'>
        <annotation name='org.jetbrains.annotations.NotNull'/>
        <annotation name='org.jetbrains.kannotator.runtime.annotations.Propagated'>
            <val name="value" val="{org.jetbrains.kannotator.controlFlow.builder.analysis.NullabilityKey.class}"/>
        </annotation>
    </item>
    <item name='org.junit.runner.manipulation.Filter org.junit.runner.manipulation.Filter intersect(org.junit.runner.manipulation.Filter)'>
        <annotation name='org.jetbrains.annotations.NotNull'/>
    </item>
    <item name='org.junit.runner.manipulation.Filter java.lang.String describe()'>
        <annotation name='org.jetbrains.annotations.NotNull'/>
        <annotation name='org.jetbrains.kannotator.runtime.annotations.Propagated'>
            <val name="value" val="{org.jetbrains.kannotator.controlFlow.builder.analysis.NullabilityKey.class}"/>
        </annotation>
    </item>
    <item name='org.junit.runner.manipulation.Filter org.junit.runner.manipulation.Filter matchMethodDescription(org.junit.runner.Description)'>
        <annotation name='org.jetbrains.annotations.NotNull'/>
    </item>
    <item name='org.junit.runner.manipulation.Filter boolean shouldRun(org.junit.runner.Description) 0'>
        <annotation name='org.jetbrains.annotations.NotNull'/>
        <annotation name='org.jetbrains.kannotator.runtime.annotations.Propagated'>
            <val name="value" val="{org.jetbrains.kannotator.controlFlow.builder.analysis.NullabilityKey.class}"/>
        </annotation>
    </item>
</root>
