<root>
    <item name='org.kxml2.wap.wml.Wml TAG_TABLE'>
        <annotation name='org.jetbrains.annotations.NotNull'/>
    </item>
    <item name='org.kxml2.wap.wml.Wml org.kxml2.wap.WbxmlParser createParser()'>
        <annotation name='org.jetbrains.annotations.NotNull'/>
    </item>
    <item name='org.kxml2.wap.wml.Wml ATTR_START_TABLE'>
        <annotation name='org.jetbrains.annotations.NotNull'/>
    </item>
    <item name='org.kxml2.wap.wml.Wml ATTR_VALUE_TABLE'>
        <annotation name='org.jetbrains.annotations.NotNull'/>
    </item>
    <item name='org.kxml2.wap.wml.Wml org.kxml2.wap.WbxmlSerializer createSerializer()'>
        <annotation name='org.jetbrains.annotations.NotNull'/>
    </item>
</root>
