<root>
    <item name='javax.annotation.RegEx.Checker javax.annotation.meta.When forConstantValue(java.lang.annotation.Annotation, java.lang.Object) 0'>
        <annotation name='org.jetbrains.annotations.NotNull'/>
        <annotation name='org.jetbrains.kannotator.runtime.annotations.Propagated'>
            <val name="value" val="{org.jetbrains.kannotator.controlFlow.builder.analysis.NullabilityKey.class}"/>
        </annotation>
    </item>
    <item name='javax.annotation.RegEx.Checker javax.annotation.meta.When forConstantValue(java.lang.annotation.Annotation, java.lang.Object)'>
        <annotation name='org.jetbrains.annotations.NotNull'/>
    </item>
    <item name='javax.annotation.MatchesPattern.Checker javax.annotation.meta.When forConstantValue(java.lang.annotation.Annotation, java.lang.Object) 0'>
        <annotation name='org.jetbrains.annotations.NotNull'/>
    </item>
    <item name='javax.annotation.MatchesPattern.Checker javax.annotation.meta.When forConstantValue(java.lang.annotation.Annotation, java.lang.Object)'>
        <annotation name='org.jetbrains.annotations.NotNull'/>
    </item>
    <item name='javax.annotation.Nonnegative.Checker javax.annotation.meta.When forConstantValue(java.lang.annotation.Annotation, java.lang.Object) 0'>
        <annotation name='org.jetbrains.annotations.NotNull'/>
        <annotation name='org.jetbrains.kannotator.runtime.annotations.Propagated'>
            <val name="value" val="{org.jetbrains.kannotator.controlFlow.builder.analysis.NullabilityKey.class}"/>
        </annotation>
    </item>
    <item name='javax.annotation.Nonnegative.Checker javax.annotation.meta.When forConstantValue(java.lang.annotation.Annotation, java.lang.Object)'>
        <annotation name='org.jetbrains.annotations.NotNull'/>
    </item>
    <item name='javax.annotation.Nonnegative.Checker javax.annotation.meta.When forConstantValue(javax.annotation.Nonnegative, java.lang.Object)'>
        <annotation name='org.jetbrains.annotations.NotNull'/>
    </item>
    <item name='javax.annotation.Nonnull.Checker javax.annotation.meta.When forConstantValue(java.lang.annotation.Annotation, java.lang.Object) 0'>
        <annotation name='org.jetbrains.annotations.NotNull'/>
        <annotation name='org.jetbrains.kannotator.runtime.annotations.Propagated'>
            <val name="value" val="{org.jetbrains.kannotator.controlFlow.builder.analysis.NullabilityKey.class}"/>
        </annotation>
    </item>
    <item name='javax.annotation.Nonnull.Checker javax.annotation.meta.When forConstantValue(java.lang.annotation.Annotation, java.lang.Object)'>
        <annotation name='org.jetbrains.annotations.NotNull'/>
    </item>
    <item name='javax.annotation.Nonnull.Checker javax.annotation.meta.When forConstantValue(javax.annotation.Nonnull, java.lang.Object)'>
        <annotation name='org.jetbrains.annotations.NotNull'/>
    </item>
    <item name='javax.annotation.MatchesPattern.Checker javax.annotation.meta.When forConstantValue(javax.annotation.MatchesPattern, java.lang.Object) 0'>
        <annotation name='org.jetbrains.annotations.NotNull'/>
    </item>
    <item name='javax.annotation.MatchesPattern.Checker javax.annotation.meta.When forConstantValue(javax.annotation.MatchesPattern, java.lang.Object)'>
        <annotation name='org.jetbrains.annotations.NotNull'/>
    </item>
    <item name='javax.annotation.RegEx.Checker javax.annotation.meta.When forConstantValue(javax.annotation.RegEx, java.lang.Object)'>
        <annotation name='org.jetbrains.annotations.NotNull'/>
    </item>
</root>
