<root>
    <item name='com.google.android.gms.common.api.internal.zzba boolean zza(com.google.android.gms.common.api.Api&lt;?&gt;) 0'>
        <annotation name='org.jetbrains.annotations.NotNull'/>
    </item>
    <item name='com.google.android.gms.common.api.internal.zzm void zzu(com.google.android.gms.common.api.Status) 0'>
        <annotation name='org.jetbrains.annotations.NotNull'/>
    </item>
    <item name='com.google.android.gms.common.api.internal.zzcn com.google.android.gms.common.api.internal.zzcn zzp(android.app.Activity)'>
        <annotation name='org.jetbrains.annotations.NotNull'/>
    </item>
    <item name='com.google.android.gms.common.api.internal.zzi void zza(com.google.android.gms.common.ConnectionResult, int) 0'>
        <annotation name='org.jetbrains.annotations.NotNull'/>
        <annotation name='org.jetbrains.kannotator.runtime.annotations.Propagated'>
            <val name="value" val="{org.jetbrains.kannotator.controlFlow.builder.analysis.NullabilityKey.class}"/>
        </annotation>
    </item>
    <item name='com.google.android.gms.common.api.internal.zzo void zza(com.google.android.gms.common.ConnectionResult, int) 0'>
        <annotation name='org.jetbrains.annotations.NotNull'/>
        <annotation name='org.jetbrains.kannotator.runtime.annotations.Propagated'>
            <val name="value" val="{org.jetbrains.kannotator.controlFlow.builder.analysis.NullabilityKey.class}"/>
        </annotation>
    </item>
    <item name='com.google.android.gms.common.api.internal.zzde void zza(com.google.android.gms.common.api.Status, TResult, com.google.android.gms.tasks.TaskCompletionSource&lt;TResult&gt;) 2'>
        <annotation name='org.jetbrains.annotations.NotNull'/>
    </item>
    <item name='com.google.android.gms.common.api.internal.zzde com.google.android.gms.tasks.Task&lt;java.lang.Void&gt; zza(com.google.android.gms.tasks.Task&lt;java.lang.Boolean&gt;) 0'>
        <annotation name='org.jetbrains.annotations.NotNull'/>
    </item>
    <item name='com.google.android.gms.common.api.internal.zzc void zzs(com.google.android.gms.common.api.Status) 0'>
        <annotation name='org.jetbrains.annotations.NotNull'/>
    </item>
    <item name='com.google.android.gms.common.api.internal.BasePendingResult R zzb(com.google.android.gms.common.api.Status) 0'>
        <annotation name='org.jetbrains.annotations.NotNull'/>
        <annotation name='org.jetbrains.kannotator.runtime.annotations.Propagated'>
            <val name="value" val="{org.jetbrains.kannotator.controlFlow.builder.analysis.NullabilityKey.class}"/>
        </annotation>
    </item>
    <item name='com.google.android.gms.common.api.internal.zzaa zzaa(android.content.Context, java.util.concurrent.locks.Lock, android.os.Looper, com.google.android.gms.common.zzf, java.util.Map&lt;com.google.android.gms.common.api.Api.zzc&lt;?&gt;,com.google.android.gms.common.api.Api.zze&gt;, com.google.android.gms.common.internal.zzr, java.util.Map&lt;com.google.android.gms.common.api.Api&lt;?&gt;,java.lang.Boolean&gt;, com.google.android.gms.common.api.Api.zza&lt;? extends com.google.android.gms.internal.zzcxd,com.google.android.gms.internal.zzcxe&gt;, java.util.ArrayList&lt;com.google.android.gms.common.api.internal.zzt&gt;, com.google.android.gms.common.api.internal.zzba, boolean) 4'>
        <annotation name='org.jetbrains.annotations.NotNull'/>
    </item>
    <item name='com.google.android.gms.common.api.internal.zzcc T zze(T)'>
        <annotation name='org.jetbrains.annotations.NotNull'/>
        <annotation name='org.jetbrains.kannotator.runtime.annotations.Propagated'>
            <val name="value" val="{org.jetbrains.kannotator.controlFlow.builder.analysis.NullabilityKey.class}"/>
        </annotation>
    </item>
    <item name='com.google.android.gms.common.api.internal.zzt void onConnectionFailed(com.google.android.gms.common.ConnectionResult) 0'>
        <annotation name='org.jetbrains.annotations.NotNull'/>
        <annotation name='org.jetbrains.kannotator.runtime.annotations.Propagated'>
            <val name="value" val="{org.jetbrains.kannotator.controlFlow.builder.analysis.NullabilityKey.class}"/>
        </annotation>
    </item>
    <item name='com.google.android.gms.common.api.internal.zzbw T zze(T) 0'>
        <annotation name='org.jetbrains.annotations.NotNull'/>
    </item>
    <item name='com.google.android.gms.common.api.internal.zzct zzct(com.google.android.gms.common.api.Status) 0'>
        <annotation name='org.jetbrains.annotations.NotNull'/>
    </item>
    <item name='com.google.android.gms.common.api.internal.zzah void zza(com.google.android.gms.common.ConnectionResult, int) 0'>
        <annotation name='org.jetbrains.annotations.NotNull'/>
    </item>
    <item name='com.google.android.gms.common.api.internal.zzd void zzs(com.google.android.gms.common.api.Status) 0'>
        <annotation name='org.jetbrains.annotations.NotNull'/>
        <annotation name='org.jetbrains.kannotator.runtime.annotations.Propagated'>
            <val name="value" val="{org.jetbrains.kannotator.controlFlow.builder.analysis.NullabilityKey.class}"/>
        </annotation>
    </item>
    <item name='com.google.android.gms.common.api.internal.zzbi com.google.android.gms.common.ConnectionResult getConnectionResult(com.google.android.gms.common.api.Api&lt;?&gt;) 0'>
        <annotation name='org.jetbrains.annotations.NotNull'/>
    </item>
    <item name='com.google.android.gms.common.api.internal.zzbo zzbo(com.google.android.gms.common.api.GoogleApi&lt;O&gt;) 1'>
        <annotation name='org.jetbrains.annotations.NotNull'/>
    </item>
    <item name='com.google.android.gms.common.api.internal.zzbi void dump(java.lang.String, java.io.FileDescriptor, java.io.PrintWriter, java.lang.String[]) 2'>
        <annotation name='org.jetbrains.annotations.NotNull'/>
    </item>
    <item name='com.google.android.gms.common.api.internal.zzaz T zzd(T) 0'>
        <annotation name='org.jetbrains.annotations.NotNull'/>
        <annotation name='org.jetbrains.kannotator.runtime.annotations.Propagated'>
            <val name="value" val="{org.jetbrains.kannotator.controlFlow.builder.analysis.NullabilityKey.class}"/>
        </annotation>
    </item>
    <item name='com.google.android.gms.common.api.internal.zzbw T zzd(T)'>
        <annotation name='org.jetbrains.annotations.NotNull'/>
    </item>
    <item name='com.google.android.gms.common.api.internal.zzcd void zzc(com.google.android.gms.common.ConnectionResult) 0'>
        <annotation name='org.jetbrains.annotations.NotNull'/>
        <annotation name='org.jetbrains.kannotator.runtime.annotations.Propagated'>
            <val name="value" val="{org.jetbrains.kannotator.controlFlow.builder.analysis.NullabilityKey.class}"/>
        </annotation>
    </item>
    <item name='com.google.android.gms.common.api.internal.zzcm com.google.android.gms.common.api.internal.zzck&lt;L&gt; zzb(L, java.lang.String)'>
        <annotation name='org.jetbrains.annotations.NotNull'/>
    </item>
    <item name='com.google.android.gms.common.api.internal.zzf void zzs(com.google.android.gms.common.api.Status) 0'>
        <annotation name='org.jetbrains.annotations.NotNull'/>
        <annotation name='org.jetbrains.kannotator.runtime.annotations.Propagated'>
            <val name="value" val="{org.jetbrains.kannotator.controlFlow.builder.analysis.NullabilityKey.class}"/>
        </annotation>
    </item>
    <item name='com.google.android.gms.common.api.internal.zzz com.google.android.gms.common.api.internal.zzcv zza(android.content.Context, android.os.Handler)'>
        <annotation name='org.jetbrains.annotations.NotNull'/>
    </item>
    <item name='com.google.android.gms.common.api.internal.zzci com.google.android.gms.common.api.internal.zzck&lt;L&gt; zzajo()'>
        <annotation name='org.jetbrains.annotations.NotNull'/>
    </item>
    <item name='com.google.android.gms.common.api.internal.zzd void zzb(com.google.android.gms.common.api.internal.zzbo&lt;?&gt;) 0'>
        <annotation name='org.jetbrains.annotations.NotNull'/>
    </item>
    <item name='com.google.android.gms.common.api.internal.zzbo java.util.Map&lt;com.google.android.gms.common.api.internal.zzck&lt;?&gt;,com.google.android.gms.common.api.internal.zzcr&gt; zzaiy()'>
        <annotation name='org.jetbrains.annotations.NotNull'/>
    </item>
    <item name='com.google.android.gms.common.api.internal.zzbx void onReceive(android.content.Context, android.content.Intent) 1'>
        <annotation name='org.jetbrains.annotations.NotNull'/>
    </item>
    <item name='com.google.android.gms.common.api.internal.zzcv zzcv(android.content.Context, android.os.Handler, com.google.android.gms.common.internal.zzr, com.google.android.gms.common.api.Api.zza&lt;? extends com.google.android.gms.internal.zzcxd,com.google.android.gms.internal.zzcxe&gt;) 2'>
        <annotation name='org.jetbrains.annotations.NotNull'/>
    </item>
    <item name='com.google.android.gms.common.api.internal.zzbi T zzd(T) 0'>
        <annotation name='org.jetbrains.annotations.NotNull'/>
    </item>
    <item name='com.google.android.gms.common.api.internal.zzg java.lang.Exception zzt(com.google.android.gms.common.api.Status)'>
        <annotation name='org.jetbrains.annotations.NotNull'/>
    </item>
    <item name='com.google.android.gms.common.api.internal.zzaa T zze(T)'>
        <annotation name='org.jetbrains.annotations.NotNull'/>
    </item>
    <item name='com.google.android.gms.common.api.internal.zzah void zza(android.app.Activity, com.google.android.gms.common.api.internal.zzbm, com.google.android.gms.common.api.internal.zzh&lt;?&gt;) 1'>
        <annotation name='org.jetbrains.annotations.NotNull'/>
    </item>
    <item name='com.google.android.gms.common.api.internal.zzh com.google.android.gms.common.api.internal.zzh&lt;O&gt; zzb(com.google.android.gms.common.api.Api&lt;O&gt;)'>
        <annotation name='org.jetbrains.annotations.NotNull'/>
    </item>
    <item name='com.google.android.gms.common.api.internal.zze void zzs(com.google.android.gms.common.api.Status) 0'>
        <annotation name='org.jetbrains.annotations.NotNull'/>
        <annotation name='org.jetbrains.kannotator.runtime.annotations.Propagated'>
            <val name="value" val="{org.jetbrains.kannotator.controlFlow.builder.analysis.NullabilityKey.class}"/>
        </annotation>
    </item>
    <item name='com.google.android.gms.common.api.internal.zzaa T zzd(T) 0'>
        <annotation name='org.jetbrains.annotations.NotNull'/>
        <annotation name='org.jetbrains.kannotator.runtime.annotations.Propagated'>
            <val name="value" val="{org.jetbrains.kannotator.controlFlow.builder.analysis.NullabilityKey.class}"/>
        </annotation>
    </item>
    <item name='com.google.android.gms.common.api.internal.BasePendingResult.zza void handleMessage(android.os.Message) 0'>
        <annotation name='org.jetbrains.annotations.NotNull'/>
    </item>
    <item name='com.google.android.gms.common.api.internal.zzde void zza(com.google.android.gms.common.api.Status, TResult, com.google.android.gms.tasks.TaskCompletionSource&lt;TResult&gt;) 0'>
        <annotation name='org.jetbrains.annotations.NotNull'/>
    </item>
    <item name='com.google.android.gms.common.api.internal.zzba int zza(java.lang.Iterable&lt;com.google.android.gms.common.api.Api.zze&gt;, boolean) 0'>
        <annotation name='org.jetbrains.annotations.NotNull'/>
    </item>
    <item name='com.google.android.gms.common.api.internal.zzg java.lang.Exception zzt(com.google.android.gms.common.api.Status) 0'>
        <annotation name='org.jetbrains.annotations.NotNull'/>
    </item>
    <item name='com.google.android.gms.common.api.internal.zzak void dump(java.lang.String, java.io.FileDescriptor, java.io.PrintWriter, java.lang.String[]) 2'>
        <annotation name='org.jetbrains.annotations.NotNull'/>
        <annotation name='org.jetbrains.kannotator.runtime.annotations.Propagated'>
            <val name="value" val="{org.jetbrains.kannotator.controlFlow.builder.analysis.NullabilityKey.class}"/>
        </annotation>
    </item>
    <item name='com.google.android.gms.common.api.internal.zze void zza(com.google.android.gms.common.api.internal.zzae, boolean) 0'>
        <annotation name='org.jetbrains.annotations.NotNull'/>
    </item>
    <item name='com.google.android.gms.common.api.internal.zzba com.google.android.gms.common.ConnectionResult blockingConnect(long, java.util.concurrent.TimeUnit) 1'>
        <annotation name='org.jetbrains.annotations.NotNull'/>
        <annotation name='org.jetbrains.kannotator.runtime.annotations.Propagated'>
            <val name="value" val="{org.jetbrains.kannotator.controlFlow.builder.analysis.NullabilityKey.class}"/>
        </annotation>
    </item>
    <item name='com.google.android.gms.common.api.internal.zzaa void dump(java.lang.String, java.io.FileDescriptor, java.io.PrintWriter, java.lang.String[]) 2'>
        <annotation name='org.jetbrains.annotations.NotNull'/>
        <annotation name='org.jetbrains.kannotator.runtime.annotations.Propagated'>
            <val name="value" val="{org.jetbrains.kannotator.controlFlow.builder.analysis.NullabilityKey.class}"/>
        </annotation>
    </item>
    <item name='com.google.android.gms.common.api.internal.zzm zzm(com.google.android.gms.common.api.Api&lt;?&gt;, com.google.android.gms.common.api.GoogleApiClient) 0'>
        <annotation name='org.jetbrains.annotations.NotNull'/>
    </item>
    <item name='com.google.android.gms.common.api.internal.zzi com.google.android.gms.common.api.internal.zzi zza(com.google.android.gms.common.api.internal.zzce)'>
        <annotation name='org.jetbrains.annotations.NotNull'/>
    </item>
    <item name='com.google.android.gms.common.api.internal.zzbi zzbi(android.content.Context, com.google.android.gms.common.api.internal.zzba, java.util.concurrent.locks.Lock, android.os.Looper, com.google.android.gms.common.zzf, java.util.Map&lt;com.google.android.gms.common.api.Api.zzc&lt;?&gt;,com.google.android.gms.common.api.Api.zze&gt;, com.google.android.gms.common.internal.zzr, java.util.Map&lt;com.google.android.gms.common.api.Api&lt;?&gt;,java.lang.Boolean&gt;, com.google.android.gms.common.api.Api.zza&lt;? extends com.google.android.gms.internal.zzcxd,com.google.android.gms.internal.zzcxe&gt;, java.util.ArrayList&lt;com.google.android.gms.common.api.internal.zzt&gt;, com.google.android.gms.common.api.internal.zzcd) 9'>
        <annotation name='org.jetbrains.annotations.NotNull'/>
    </item>
    <item name='com.google.android.gms.common.api.internal.zzbo void zzh(com.google.android.gms.common.ConnectionResult) 0'>
        <annotation name='org.jetbrains.annotations.NotNull'/>
    </item>
    <item name='com.google.android.gms.common.api.internal.zzbo void onConnectionFailed(com.google.android.gms.common.ConnectionResult) 0'>
        <annotation name='org.jetbrains.annotations.NotNull'/>
    </item>
    <item name='com.google.android.gms.common.api.internal.zzba T zze(T) 0'>
        <annotation name='org.jetbrains.annotations.NotNull'/>
    </item>
    <item name='com.google.android.gms.common.api.internal.zzaa zzaa(android.content.Context, java.util.concurrent.locks.Lock, android.os.Looper, com.google.android.gms.common.zzf, java.util.Map&lt;com.google.android.gms.common.api.Api.zzc&lt;?&gt;,com.google.android.gms.common.api.Api.zze&gt;, com.google.android.gms.common.internal.zzr, java.util.Map&lt;com.google.android.gms.common.api.Api&lt;?&gt;,java.lang.Boolean&gt;, com.google.android.gms.common.api.Api.zza&lt;? extends com.google.android.gms.internal.zzcxd,com.google.android.gms.internal.zzcxe&gt;, java.util.ArrayList&lt;com.google.android.gms.common.api.internal.zzt&gt;, com.google.android.gms.common.api.internal.zzba, boolean) 1'>
        <annotation name='org.jetbrains.annotations.NotNull'/>
    </item>
    <item name='com.google.android.gms.common.api.internal.zzcy void zzh(com.google.android.gms.common.ConnectionResult) 0'>
        <annotation name='org.jetbrains.annotations.NotNull'/>
        <annotation name='org.jetbrains.kannotator.runtime.annotations.Propagated'>
            <val name="value" val="{org.jetbrains.kannotator.controlFlow.builder.analysis.NullabilityKey.class}"/>
        </annotation>
    </item>
    <item name='com.google.android.gms.common.api.internal.zzi void zza(int, com.google.android.gms.common.api.GoogleApiClient, com.google.android.gms.common.api.GoogleApiClient.OnConnectionFailedListener) 1'>
        <annotation name='org.jetbrains.annotations.NotNull'/>
    </item>
    <item name='com.google.android.gms.common.api.internal.zzbm com.google.android.gms.tasks.Task&lt;java.util.Map&lt;com.google.android.gms.common.api.internal.zzh&lt;?&gt;,java.lang.String&gt;&gt; zza(java.lang.Iterable&lt;? extends com.google.android.gms.common.api.GoogleApi&lt;?&gt;&gt;) 0'>
        <annotation name='org.jetbrains.annotations.NotNull'/>
    </item>
    <item name='com.google.android.gms.common.api.internal.zzd void zza(com.google.android.gms.common.api.internal.zzae, boolean) 0'>
        <annotation name='org.jetbrains.annotations.NotNull'/>
        <annotation name='org.jetbrains.kannotator.runtime.annotations.Propagated'>
            <val name="value" val="{org.jetbrains.kannotator.controlFlow.builder.analysis.NullabilityKey.class}"/>
        </annotation>
    </item>
    <item name='com.google.android.gms.common.api.internal.zzba void dump(java.lang.String, java.io.FileDescriptor, java.io.PrintWriter, java.lang.String[]) 2'>
        <annotation name='org.jetbrains.annotations.NotNull'/>
    </item>
    <item name='com.google.android.gms.common.api.internal.zzbo zzbo(com.google.android.gms.common.api.GoogleApi&lt;O&gt;) 0'>
        <annotation name='org.jetbrains.annotations.NotNull'/>
    </item>
    <item name='com.google.android.gms.common.api.internal.zzaz T zze(T) 0'>
        <annotation name='org.jetbrains.annotations.NotNull'/>
        <annotation name='org.jetbrains.kannotator.runtime.annotations.Propagated'>
            <val name="value" val="{org.jetbrains.kannotator.controlFlow.builder.analysis.NullabilityKey.class}"/>
        </annotation>
    </item>
    <item name='com.google.android.gms.common.api.internal.zzco zzco(com.google.android.gms.common.api.PendingResult&lt;R&gt;) 0'>
        <annotation name='org.jetbrains.annotations.NotNull'/>
    </item>
    <item name='com.google.android.gms.common.api.internal.zzz zzz(android.content.Context, com.google.android.gms.common.api.Api&lt;O&gt;, android.os.Looper, com.google.android.gms.common.api.Api.zze, com.google.android.gms.common.api.internal.zzt, com.google.android.gms.common.internal.zzr, com.google.android.gms.common.api.Api.zza&lt;? extends com.google.android.gms.internal.zzcxd,com.google.android.gms.internal.zzcxe&gt;) 0'>
        <annotation name='org.jetbrains.annotations.NotNull'/>
    </item>
    <item name='com.google.android.gms.common.api.internal.zzbi zzbi(android.content.Context, com.google.android.gms.common.api.internal.zzba, java.util.concurrent.locks.Lock, android.os.Looper, com.google.android.gms.common.zzf, java.util.Map&lt;com.google.android.gms.common.api.Api.zzc&lt;?&gt;,com.google.android.gms.common.api.Api.zze&gt;, com.google.android.gms.common.internal.zzr, java.util.Map&lt;com.google.android.gms.common.api.Api&lt;?&gt;,java.lang.Boolean&gt;, com.google.android.gms.common.api.Api.zza&lt;? extends com.google.android.gms.internal.zzcxd,com.google.android.gms.internal.zzcxe&gt;, java.util.ArrayList&lt;com.google.android.gms.common.api.internal.zzt&gt;, com.google.android.gms.common.api.internal.zzcd) 2'>
        <annotation name='org.jetbrains.annotations.NotNull'/>
    </item>
    <item name='com.google.android.gms.common.api.internal.zza void zza(com.google.android.gms.common.api.internal.zzae, boolean) 0'>
        <annotation name='org.jetbrains.annotations.NotNull'/>
        <annotation name='org.jetbrains.kannotator.runtime.annotations.Propagated'>
            <val name="value" val="{org.jetbrains.kannotator.controlFlow.builder.analysis.NullabilityKey.class}"/>
        </annotation>
    </item>
    <item name='com.google.android.gms.common.api.internal.BasePendingResult R zzb(com.google.android.gms.common.api.Status)'>
        <annotation name='org.jetbrains.annotations.NotNull'/>
        <annotation name='org.jetbrains.kannotator.runtime.annotations.Propagated'>
            <val name="value" val="{org.jetbrains.kannotator.controlFlow.builder.analysis.NullabilityKey.class}"/>
        </annotation>
    </item>
    <item name='com.google.android.gms.common.api.internal.zza void zzs(com.google.android.gms.common.api.Status) 0'>
        <annotation name='org.jetbrains.annotations.NotNull'/>
        <annotation name='org.jetbrains.kannotator.runtime.annotations.Propagated'>
            <val name="value" val="{org.jetbrains.kannotator.controlFlow.builder.analysis.NullabilityKey.class}"/>
        </annotation>
    </item>
    <item name='com.google.android.gms.common.api.internal.zzak com.google.android.gms.common.ConnectionResult blockingConnect(long, java.util.concurrent.TimeUnit) 1'>
        <annotation name='org.jetbrains.annotations.NotNull'/>
        <annotation name='org.jetbrains.kannotator.runtime.annotations.Propagated'>
            <val name="value" val="{org.jetbrains.kannotator.controlFlow.builder.analysis.NullabilityKey.class}"/>
        </annotation>
    </item>
    <item name='com.google.android.gms.common.api.internal.zzbw T zze(T)'>
        <annotation name='org.jetbrains.annotations.NotNull'/>
    </item>
    <item name='com.google.android.gms.common.api.internal.zzaa zzaa(android.content.Context, java.util.concurrent.locks.Lock, android.os.Looper, com.google.android.gms.common.zzf, java.util.Map&lt;com.google.android.gms.common.api.Api.zzc&lt;?&gt;,com.google.android.gms.common.api.Api.zze&gt;, com.google.android.gms.common.internal.zzr, java.util.Map&lt;com.google.android.gms.common.api.Api&lt;?&gt;,java.lang.Boolean&gt;, com.google.android.gms.common.api.Api.zza&lt;? extends com.google.android.gms.internal.zzcxd,com.google.android.gms.internal.zzcxe&gt;, java.util.ArrayList&lt;com.google.android.gms.common.api.internal.zzt&gt;, com.google.android.gms.common.api.internal.zzba, boolean) 8'>
        <annotation name='org.jetbrains.annotations.NotNull'/>
    </item>
    <item name='com.google.android.gms.common.api.internal.zzbm boolean handleMessage(android.os.Message) 0'>
        <annotation name='org.jetbrains.annotations.NotNull'/>
    </item>
    <item name='com.google.android.gms.common.api.internal.zzaa com.google.android.gms.common.ConnectionResult getConnectionResult(com.google.android.gms.common.api.Api&lt;?&gt;) 0'>
        <annotation name='org.jetbrains.annotations.NotNull'/>
    </item>
    <item name='com.google.android.gms.common.api.internal.zzbh T zzd(T) 0'>
        <annotation name='org.jetbrains.annotations.NotNull'/>
        <annotation name='org.jetbrains.kannotator.runtime.annotations.Propagated'>
            <val name="value" val="{org.jetbrains.kannotator.controlFlow.builder.analysis.NullabilityKey.class}"/>
        </annotation>
    </item>
    <item name='com.google.android.gms.common.api.internal.zzcq com.google.android.gms.common.api.internal.zzck&lt;L&gt; zzajo()'>
        <annotation name='org.jetbrains.annotations.NotNull'/>
    </item>
    <item name='com.google.android.gms.common.api.internal.zzcv void onConnectionFailed(com.google.android.gms.common.ConnectionResult) 0'>
        <annotation name='org.jetbrains.annotations.NotNull'/>
        <annotation name='org.jetbrains.kannotator.runtime.annotations.Propagated'>
            <val name="value" val="{org.jetbrains.kannotator.controlFlow.builder.analysis.NullabilityKey.class}"/>
        </annotation>
    </item>
    <item name='com.google.android.gms.common.api.internal.zzcc com.google.android.gms.common.ConnectionResult blockingConnect(long, java.util.concurrent.TimeUnit) 1'>
        <annotation name='org.jetbrains.annotations.NotNull'/>
        <annotation name='org.jetbrains.kannotator.runtime.annotations.Propagated'>
            <val name="value" val="{org.jetbrains.kannotator.controlFlow.builder.analysis.NullabilityKey.class}"/>
        </annotation>
    </item>
    <item name='com.google.android.gms.common.api.internal.zzba T zzd(T) 0'>
        <annotation name='org.jetbrains.annotations.NotNull'/>
    </item>
    <item name='com.google.android.gms.common.api.internal.zzak com.google.android.gms.common.ConnectionResult getConnectionResult(com.google.android.gms.common.api.Api&lt;?&gt;) 0'>
        <annotation name='org.jetbrains.annotations.NotNull'/>
        <annotation name='org.jetbrains.kannotator.runtime.annotations.Propagated'>
            <val name="value" val="{org.jetbrains.kannotator.controlFlow.builder.analysis.NullabilityKey.class}"/>
        </annotation>
    </item>
    <item name='com.google.android.gms.common.api.internal.zzda com.google.android.gms.common.api.Result zzb(com.google.android.gms.common.api.Status) 0'>
        <annotation name='org.jetbrains.annotations.NotNull'/>
        <annotation name='org.jetbrains.kannotator.runtime.annotations.Propagated'>
            <val name="value" val="{org.jetbrains.kannotator.controlFlow.builder.analysis.NullabilityKey.class}"/>
        </annotation>
    </item>
    <item name='com.google.android.gms.common.api.internal.zzh com.google.android.gms.common.api.internal.zzh&lt;O&gt; zza(com.google.android.gms.common.api.Api&lt;O&gt;, O)'>
        <annotation name='org.jetbrains.annotations.NotNull'/>
    </item>
    <item name='com.google.android.gms.common.api.internal.zzdg void onResult(R) 0'>
        <annotation name='org.jetbrains.annotations.NotNull'/>
    </item>
    <item name='com.google.android.gms.common.api.internal.zzc void zza(com.google.android.gms.common.api.internal.zzbo&lt;?&gt;) 0'>
        <annotation name='org.jetbrains.annotations.NotNull'/>
    </item>
    <item name='com.google.android.gms.common.api.internal.zzn void zzu(com.google.android.gms.common.api.Status) 0'>
        <annotation name='org.jetbrains.annotations.NotNull'/>
        <annotation name='org.jetbrains.kannotator.runtime.annotations.Propagated'>
            <val name="value" val="{org.jetbrains.kannotator.controlFlow.builder.analysis.NullabilityKey.class}"/>
        </annotation>
    </item>
    <item name='com.google.android.gms.common.api.internal.zzba com.google.android.gms.common.api.PendingResult&lt;com.google.android.gms.common.api.Status&gt; clearDefaultAccountAndReconnect()'>
        <annotation name='org.jetbrains.annotations.NotNull'/>
    </item>
    <item name='com.google.android.gms.common.api.internal.zzbm zzfsy'>
        <annotation name='org.jetbrains.annotations.NotNull'/>
    </item>
    <item name='com.google.android.gms.common.api.internal.zzaa T zze(T) 0'>
        <annotation name='org.jetbrains.annotations.NotNull'/>
    </item>
    <item name='com.google.android.gms.common.api.internal.zzcc void dump(java.lang.String, java.io.FileDescriptor, java.io.PrintWriter, java.lang.String[]) 2'>
        <annotation name='org.jetbrains.annotations.NotNull'/>
        <annotation name='org.jetbrains.kannotator.runtime.annotations.Propagated'>
            <val name="value" val="{org.jetbrains.kannotator.controlFlow.builder.analysis.NullabilityKey.class}"/>
        </annotation>
    </item>
    <item name='com.google.android.gms.common.api.internal.zzcc T zze(T) 0'>
        <annotation name='org.jetbrains.annotations.NotNull'/>
        <annotation name='org.jetbrains.kannotator.runtime.annotations.Propagated'>
            <val name="value" val="{org.jetbrains.kannotator.controlFlow.builder.analysis.NullabilityKey.class}"/>
        </annotation>
    </item>
    <item name='com.google.android.gms.common.api.internal.zzcs java.util.concurrent.ExecutorService zzaip()'>
        <annotation name='org.jetbrains.annotations.NotNull'/>
    </item>
    <item name='com.google.android.gms.common.api.internal.zzo zzfol'>
        <annotation name='org.jetbrains.annotations.NotNull'/>
    </item>
    <item name='com.google.android.gms.common.api.internal.zzba void zzc(com.google.android.gms.common.ConnectionResult) 0'>
        <annotation name='org.jetbrains.annotations.NotNull'/>
    </item>
    <item name='com.google.android.gms.common.api.internal.zzcc com.google.android.gms.common.ConnectionResult getConnectionResult(com.google.android.gms.common.api.Api&lt;?&gt;) 0'>
        <annotation name='org.jetbrains.annotations.NotNull'/>
        <annotation name='org.jetbrains.kannotator.runtime.annotations.Propagated'>
            <val name="value" val="{org.jetbrains.kannotator.controlFlow.builder.analysis.NullabilityKey.class}"/>
        </annotation>
    </item>
    <item name='com.google.android.gms.common.api.internal.zzba com.google.android.gms.common.api.internal.zzci&lt;L&gt; zzt(L)'>
        <annotation name='org.jetbrains.annotations.NotNull'/>
    </item>
    <item name='com.google.android.gms.common.api.internal.zzaa com.google.android.gms.common.ConnectionResult blockingConnect(long, java.util.concurrent.TimeUnit) 1'>
        <annotation name='org.jetbrains.annotations.NotNull'/>
    </item>
    <item name='com.google.android.gms.common.api.internal.zzcv zzcv(android.content.Context, android.os.Handler, com.google.android.gms.common.internal.zzr) 2'>
        <annotation name='org.jetbrains.annotations.NotNull'/>
    </item>
    <item name='com.google.android.gms.common.api.internal.zzbi T zze(T) 0'>
        <annotation name='org.jetbrains.annotations.NotNull'/>
    </item>
    <item name='com.google.android.gms.common.api.internal.zzcc T zzd(T) 0'>
        <annotation name='org.jetbrains.annotations.NotNull'/>
        <annotation name='org.jetbrains.kannotator.runtime.annotations.Propagated'>
            <val name="value" val="{org.jetbrains.kannotator.controlFlow.builder.analysis.NullabilityKey.class}"/>
        </annotation>
    </item>
    <item name='com.google.android.gms.common.api.internal.zzbw T zzd(T) 0'>
        <annotation name='org.jetbrains.annotations.NotNull'/>
    </item>
    <item name='com.google.android.gms.common.api.internal.zzcn void zza(com.google.android.gms.common.ConnectionResult, int) 0'>
        <annotation name='org.jetbrains.annotations.NotNull'/>
    </item>
    <item name='com.google.android.gms.common.api.internal.zzbh T zze(T) 0'>
        <annotation name='org.jetbrains.annotations.NotNull'/>
        <annotation name='org.jetbrains.kannotator.runtime.annotations.Propagated'>
            <val name="value" val="{org.jetbrains.kannotator.controlFlow.builder.analysis.NullabilityKey.class}"/>
        </annotation>
    </item>
    <item name='com.google.android.gms.common.api.internal.zzal T zzd(T) 0'>
        <annotation name='org.jetbrains.annotations.NotNull'/>
        <annotation name='org.jetbrains.kannotator.runtime.annotations.Propagated'>
            <val name="value" val="{org.jetbrains.kannotator.controlFlow.builder.analysis.NullabilityKey.class}"/>
        </annotation>
    </item>
    <item name='com.google.android.gms.common.api.internal.zzba zzba(android.content.Context, java.util.concurrent.locks.Lock, android.os.Looper, com.google.android.gms.common.internal.zzr, com.google.android.gms.common.GoogleApiAvailability, com.google.android.gms.common.api.Api.zza&lt;? extends com.google.android.gms.internal.zzcxd,com.google.android.gms.internal.zzcxe&gt;, java.util.Map&lt;com.google.android.gms.common.api.Api&lt;?&gt;,java.lang.Boolean&gt;, java.util.List&lt;com.google.android.gms.common.api.GoogleApiClient.ConnectionCallbacks&gt;, java.util.List&lt;com.google.android.gms.common.api.GoogleApiClient.OnConnectionFailedListener&gt;, java.util.Map&lt;com.google.android.gms.common.api.Api.zzc&lt;?&gt;,com.google.android.gms.common.api.Api.zze&gt;, int, int, java.util.ArrayList&lt;com.google.android.gms.common.api.internal.zzt&gt;, boolean) 7'>
        <annotation name='org.jetbrains.annotations.NotNull'/>
    </item>
    <item name='com.google.android.gms.common.api.internal.zzaa zzaa(android.content.Context, java.util.concurrent.locks.Lock, android.os.Looper, com.google.android.gms.common.zzf, java.util.Map&lt;com.google.android.gms.common.api.Api.zzc&lt;?&gt;,com.google.android.gms.common.api.Api.zze&gt;, com.google.android.gms.common.internal.zzr, java.util.Map&lt;com.google.android.gms.common.api.Api&lt;?&gt;,java.lang.Boolean&gt;, com.google.android.gms.common.api.Api.zza&lt;? extends com.google.android.gms.internal.zzcxd,com.google.android.gms.internal.zzcxe&gt;, java.util.ArrayList&lt;com.google.android.gms.common.api.internal.zzt&gt;, com.google.android.gms.common.api.internal.zzba, boolean) 6'>
        <annotation name='org.jetbrains.annotations.NotNull'/>
    </item>
    <item name='com.google.android.gms.common.api.internal.zzdg com.google.android.gms.common.api.TransformedResult&lt;S&gt; then(com.google.android.gms.common.api.ResultTransform&lt;? super R,? extends S&gt;)'>
        <annotation name='org.jetbrains.annotations.NotNull'/>
    </item>
    <item name='com.google.android.gms.common.api.internal.zzdj zzfvg'>
        <annotation name='org.jetbrains.annotations.NotNull'/>
    </item>
    <item name='com.google.android.gms.common.api.internal.zzj void zza(com.google.android.gms.common.api.internal.zzh&lt;?&gt;, com.google.android.gms.common.ConnectionResult, java.lang.String) 1'>
        <annotation name='org.jetbrains.annotations.NotNull'/>
    </item>
    <item name='com.google.android.gms.common.api.internal.zza void zza(com.google.android.gms.common.api.internal.zzbo&lt;?&gt;) 0'>
        <annotation name='org.jetbrains.annotations.NotNull'/>
        <annotation name='org.jetbrains.kannotator.runtime.annotations.Propagated'>
            <val name="value" val="{org.jetbrains.kannotator.controlFlow.builder.analysis.NullabilityKey.class}"/>
        </annotation>
    </item>
    <item name='com.google.android.gms.common.api.internal.zzf void zzb(com.google.android.gms.common.api.internal.zzbo&lt;?&gt;) 0'>
        <annotation name='org.jetbrains.annotations.NotNull'/>
    </item>
    <item name='com.google.android.gms.common.api.internal.zzf void zza(com.google.android.gms.common.api.internal.zzae, boolean) 0'>
        <annotation name='org.jetbrains.annotations.NotNull'/>
        <annotation name='org.jetbrains.kannotator.runtime.annotations.Propagated'>
            <val name="value" val="{org.jetbrains.kannotator.controlFlow.builder.analysis.NullabilityKey.class}"/>
        </annotation>
    </item>
    <item name='com.google.android.gms.common.api.internal.zzj zzj(java.lang.Iterable&lt;? extends com.google.android.gms.common.api.GoogleApi&lt;?&gt;&gt;) 0'>
        <annotation name='org.jetbrains.annotations.NotNull'/>
    </item>
    <item name='com.google.android.gms.common.api.internal.zzm void zza(A) 0'>
        <annotation name='org.jetbrains.annotations.NotNull'/>
        <annotation name='org.jetbrains.kannotator.runtime.annotations.Propagated'>
            <val name="value" val="{org.jetbrains.kannotator.controlFlow.builder.analysis.NullabilityKey.class}"/>
        </annotation>
    </item>
    <item name='com.google.android.gms.common.api.internal.zzbi com.google.android.gms.common.ConnectionResult blockingConnect(long, java.util.concurrent.TimeUnit) 1'>
        <annotation name='org.jetbrains.annotations.NotNull'/>
    </item>
    <item name='com.google.android.gms.common.api.internal.zzc void zza(com.google.android.gms.common.api.internal.zzae, boolean) 0'>
        <annotation name='org.jetbrains.annotations.NotNull'/>
    </item>
    <item name='com.google.android.gms.common.api.internal.zzal T zze(T) 0'>
        <annotation name='org.jetbrains.annotations.NotNull'/>
        <annotation name='org.jetbrains.kannotator.runtime.annotations.Propagated'>
            <val name="value" val="{org.jetbrains.kannotator.controlFlow.builder.analysis.NullabilityKey.class}"/>
        </annotation>
    </item>
    <item name='com.google.android.gms.common.api.internal.zzao T zze(T) 0'>
        <annotation name='org.jetbrains.annotations.NotNull'/>
        <annotation name='org.jetbrains.kannotator.runtime.annotations.Propagated'>
            <val name="value" val="{org.jetbrains.kannotator.controlFlow.builder.analysis.NullabilityKey.class}"/>
        </annotation>
    </item>
    <item name='com.google.android.gms.common.api.internal.zzcm com.google.android.gms.common.api.internal.zzci&lt;L&gt; zza(L, android.os.Looper, java.lang.String)'>
        <annotation name='org.jetbrains.annotations.NotNull'/>
    </item>
    <item name='com.google.android.gms.common.api.internal.zzao T zzd(T) 0'>
        <annotation name='org.jetbrains.annotations.NotNull'/>
        <annotation name='org.jetbrains.kannotator.runtime.annotations.Propagated'>
            <val name="value" val="{org.jetbrains.kannotator.controlFlow.builder.analysis.NullabilityKey.class}"/>
        </annotation>
    </item>
    <item name='com.google.android.gms.common.api.internal.zzba zzba(android.content.Context, java.util.concurrent.locks.Lock, android.os.Looper, com.google.android.gms.common.internal.zzr, com.google.android.gms.common.GoogleApiAvailability, com.google.android.gms.common.api.Api.zza&lt;? extends com.google.android.gms.internal.zzcxd,com.google.android.gms.internal.zzcxe&gt;, java.util.Map&lt;com.google.android.gms.common.api.Api&lt;?&gt;,java.lang.Boolean&gt;, java.util.List&lt;com.google.android.gms.common.api.GoogleApiClient.ConnectionCallbacks&gt;, java.util.List&lt;com.google.android.gms.common.api.GoogleApiClient.OnConnectionFailedListener&gt;, java.util.Map&lt;com.google.android.gms.common.api.Api.zzc&lt;?&gt;,com.google.android.gms.common.api.Api.zze&gt;, int, int, java.util.ArrayList&lt;com.google.android.gms.common.api.internal.zzt&gt;, boolean) 8'>
        <annotation name='org.jetbrains.annotations.NotNull'/>
    </item>
    <item name='com.google.android.gms.common.api.internal.zzcm com.google.android.gms.common.api.internal.zzci&lt;L&gt; zzb(L, android.os.Looper, java.lang.String)'>
        <annotation name='org.jetbrains.annotations.NotNull'/>
    </item>
    <item name='com.google.android.gms.common.api.internal.zzd zzd(com.google.android.gms.common.api.internal.zzcr, com.google.android.gms.tasks.TaskCompletionSource&lt;java.lang.Void&gt;) 0'>
        <annotation name='org.jetbrains.annotations.NotNull'/>
    </item>
    <item name='com.google.android.gms.common.api.internal.zzba com.google.android.gms.common.ConnectionResult getConnectionResult(com.google.android.gms.common.api.Api&lt;?&gt;) 0'>
        <annotation name='org.jetbrains.annotations.NotNull'/>
    </item>
    <item name='com.google.android.gms.common.api.internal.zzbm void zza(com.google.android.gms.common.ConnectionResult, int) 0'>
        <annotation name='org.jetbrains.annotations.NotNull'/>
    </item>
    <item name='com.google.android.gms.common.api.internal.zze void zza(com.google.android.gms.common.api.internal.zzbo&lt;?&gt;) 0'>
        <annotation name='org.jetbrains.annotations.NotNull'/>
        <annotation name='org.jetbrains.kannotator.runtime.annotations.Propagated'>
            <val name="value" val="{org.jetbrains.kannotator.controlFlow.builder.analysis.NullabilityKey.class}"/>
        </annotation>
    </item>
</root>
