<root>
    <item name='com.google.android.gms.internal.zzfko com.google.android.gms.internal.zzfjs zza(com.google.android.gms.internal.zzfjj)'>
        <annotation name='org.jetbrains.annotations.NotNull'/>
    </item>
    <item name='com.google.android.gms.internal.zzbex java.lang.Object createFromParcel(android.os.Parcel) 0'>
        <annotation name='org.jetbrains.annotations.NotNull'/>
    </item>
    <item name='com.google.android.gms.internal.zzbgi java.lang.Object createFromParcel(android.os.Parcel) 0'>
        <annotation name='org.jetbrains.annotations.NotNull'/>
    </item>
    <item name='com.google.android.gms.internal.zzbgm java.lang.Object createFromParcel(android.os.Parcel)'>
        <annotation name='org.jetbrains.annotations.NotNull'/>
    </item>
    <item name='com.google.android.gms.internal.zzbgo com.google.android.gms.internal.zzbgo zza(java.lang.String, int, com.google.android.gms.internal.zzbgp&lt;?,?&gt;, boolean)'>
        <annotation name='org.jetbrains.annotations.NotNull'/>
    </item>
    <item name='com.google.android.gms.internal.zzbgb java.lang.String zzhi()'>
        <annotation name='org.jetbrains.annotations.NotNull'/>
    </item>
    <item name='com.google.android.gms.internal.zzbgo com.google.android.gms.internal.zzbgo&lt;java.lang.Boolean,java.lang.Boolean&gt; zzk(java.lang.String, int)'>
        <annotation name='org.jetbrains.annotations.NotNull'/>
    </item>
    <item name='com.google.android.gms.internal.zzbee com.google.android.gms.common.api.PendingResult&lt;com.google.android.gms.common.api.Status&gt; zza(com.google.android.gms.internal.zzbeh)'>
        <annotation name='org.jetbrains.annotations.NotNull'/>
        <annotation name='org.jetbrains.kannotator.runtime.annotations.Propagated'>
            <val name="value" val="{org.jetbrains.kannotator.controlFlow.builder.analysis.NullabilityKey.class}"/>
        </annotation>
    </item>
    <item name='com.google.android.gms.internal.zzbgn java.lang.Object zzb(com.google.android.gms.internal.zzbgo) 0'>
        <annotation name='org.jetbrains.annotations.NotNull'/>
    </item>
    <item name='com.google.android.gms.internal.zzbgn boolean zza(com.google.android.gms.internal.zzbgo) 0'>
        <annotation name='org.jetbrains.annotations.NotNull'/>
    </item>
    <item name='com.google.android.gms.internal.zzcxo CREATOR'>
        <annotation name='org.jetbrains.annotations.NotNull'/>
    </item>
    <item name='com.google.android.gms.internal.zzbgz java.lang.Object createFromParcel(android.os.Parcel)'>
        <annotation name='org.jetbrains.annotations.NotNull'/>
    </item>
    <item name='com.google.android.gms.internal.zzbgp I convertBack(O) 0'>
        <annotation name='org.jetbrains.annotations.NotNull'/>
        <annotation name='org.jetbrains.kannotator.runtime.annotations.Propagated'>
            <val name="value" val="{org.jetbrains.kannotator.controlFlow.builder.analysis.NullabilityKey.class}"/>
        </annotation>
    </item>
    <item name='com.google.android.gms.internal.zzcxh java.lang.Object createFromParcel(android.os.Parcel) 0'>
        <annotation name='org.jetbrains.annotations.NotNull'/>
    </item>
    <item name='com.google.android.gms.internal.zzbeo java.lang.String zzhj()'>
        <annotation name='org.jetbrains.annotations.NotNull'/>
    </item>
    <item name='com.google.android.gms.internal.zzbgs java.lang.Object createFromParcel(android.os.Parcel) 0'>
        <annotation name='org.jetbrains.annotations.NotNull'/>
    </item>
    <item name='com.google.android.gms.internal.zzcxn android.os.Bundle zza(com.google.android.gms.common.internal.zzr) 0'>
        <annotation name='org.jetbrains.annotations.NotNull'/>
    </item>
    <item name='com.google.android.gms.internal.zzcup com.google.android.gms.internal.zzcui&lt;java.lang.String&gt; zzaw(java.lang.String, java.lang.String)'>
        <annotation name='org.jetbrains.annotations.NotNull'/>
    </item>
    <item name='com.google.android.gms.internal.zzbgi java.lang.Object[] newArray(int)'>
        <annotation name='org.jetbrains.annotations.NotNull'/>
    </item>
    <item name='com.google.android.gms.internal.zzbgw java.lang.Object[] newArray(int)'>
        <annotation name='org.jetbrains.annotations.NotNull'/>
    </item>
    <item name='com.google.android.gms.internal.zzbgl java.lang.Object[] newArray(int)'>
        <annotation name='org.jetbrains.annotations.NotNull'/>
    </item>
    <item name='com.google.android.gms.internal.zzbex java.lang.Object[] newArray(int)'>
        <annotation name='org.jetbrains.annotations.NotNull'/>
    </item>
    <item name='com.google.android.gms.internal.zzbfw com.google.android.gms.common.api.PendingResult&lt;com.google.android.gms.common.api.Status&gt; zzd(com.google.android.gms.common.api.GoogleApiClient) 0'>
        <annotation name='org.jetbrains.annotations.NotNull'/>
    </item>
    <item name='com.google.android.gms.internal.zzbgx java.lang.Object createFromParcel(android.os.Parcel)'>
        <annotation name='org.jetbrains.annotations.NotNull'/>
    </item>
    <item name='com.google.android.gms.internal.zzcxh java.lang.Object[] newArray(int)'>
        <annotation name='org.jetbrains.annotations.NotNull'/>
    </item>
    <item name='com.google.android.gms.internal.zzbgk CREATOR'>
        <annotation name='org.jetbrains.annotations.NotNull'/>
    </item>
    <item name='com.google.android.gms.internal.zzbgo CREATOR'>
        <annotation name='org.jetbrains.annotations.NotNull'/>
    </item>
    <item name='com.google.android.gms.internal.zzbgl java.lang.Object createFromParcel(android.os.Parcel)'>
        <annotation name='org.jetbrains.annotations.NotNull'/>
    </item>
    <item name='com.google.android.gms.internal.zzbdy zzbdy(android.content.Context, int, java.lang.String, java.lang.String, java.lang.String, boolean, com.google.android.gms.internal.zzbee, com.google.android.gms.common.util.zzd, com.google.android.gms.internal.zzbed, com.google.android.gms.internal.zzbeb) 0'>
        <annotation name='org.jetbrains.annotations.NotNull'/>
    </item>
    <item name='com.google.android.gms.internal.zzbeh CREATOR'>
        <annotation name='org.jetbrains.annotations.NotNull'/>
    </item>
    <item name='com.google.android.gms.internal.zzbgm java.lang.Object[] newArray(int)'>
        <annotation name='org.jetbrains.annotations.NotNull'/>
    </item>
    <item name='com.google.android.gms.internal.zzbgs java.lang.Object[] newArray(int)'>
        <annotation name='org.jetbrains.annotations.NotNull'/>
    </item>
    <item name='com.google.android.gms.internal.zzcud java.lang.Object createFromParcel(android.os.Parcel)'>
        <annotation name='org.jetbrains.annotations.NotNull'/>
    </item>
    <item name='com.google.android.gms.internal.zzcut java.lang.String zzhj()'>
        <annotation name='org.jetbrains.annotations.NotNull'/>
    </item>
    <item name='com.google.android.gms.internal.zzcxr java.lang.Object createFromParcel(android.os.Parcel) 0'>
        <annotation name='org.jetbrains.annotations.NotNull'/>
    </item>
    <item name='com.google.android.gms.internal.zzctv java.util.Map&lt;java.lang.String,java.lang.String&gt; zzbcm()'>
        <annotation name='org.jetbrains.annotations.NotNull'/>
    </item>
    <item name='com.google.android.gms.internal.zzbgl java.lang.Object createFromParcel(android.os.Parcel) 0'>
        <annotation name='org.jetbrains.annotations.NotNull'/>
    </item>
    <item name='com.google.android.gms.internal.zzbft zzebf'>
        <annotation name='org.jetbrains.annotations.NotNull'/>
    </item>
    <item name='com.google.android.gms.internal.zzbgr java.lang.Object createFromParcel(android.os.Parcel) 0'>
        <annotation name='org.jetbrains.annotations.NotNull'/>
    </item>
    <item name='com.google.android.gms.internal.zzbgt CREATOR'>
        <annotation name='org.jetbrains.annotations.NotNull'/>
    </item>
    <item name='com.google.android.gms.internal.zzbeg java.lang.Object createFromParcel(android.os.Parcel)'>
        <annotation name='org.jetbrains.annotations.NotNull'/>
    </item>
    <item name='com.google.android.gms.internal.zzbgb java.lang.String zzhj()'>
        <annotation name='org.jetbrains.annotations.NotNull'/>
    </item>
    <item name='com.google.android.gms.internal.zzfks com.google.android.gms.internal.zzfjs zza(com.google.android.gms.internal.zzfjj) 0'>
        <annotation name='org.jetbrains.annotations.NotNull'/>
    </item>
    <item name='com.google.android.gms.internal.zzbgo com.google.android.gms.internal.zzbgo&lt;java.lang.Integer,java.lang.Integer&gt; zzj(java.lang.String, int)'>
        <annotation name='org.jetbrains.annotations.NotNull'/>
    </item>
    <item name='com.google.android.gms.internal.zzcxg CREATOR'>
        <annotation name='org.jetbrains.annotations.NotNull'/>
    </item>
    <item name='com.google.android.gms.internal.zzcxe zzkbs'>
        <annotation name='org.jetbrains.annotations.NotNull'/>
    </item>
    <item name='com.google.android.gms.internal.zzctx CREATOR'>
        <annotation name='org.jetbrains.annotations.NotNull'/>
    </item>
    <item name='com.google.android.gms.internal.zzcud java.lang.Object createFromParcel(android.os.Parcel) 0'>
        <annotation name='org.jetbrains.annotations.NotNull'/>
    </item>
    <item name='com.google.android.gms.internal.zzbgo com.google.android.gms.internal.zzbgo&lt;java.lang.String,java.lang.String&gt; zzl(java.lang.String, int)'>
        <annotation name='org.jetbrains.annotations.NotNull'/>
    </item>
    <item name='com.google.android.gms.internal.zzbfv com.google.android.gms.common.api.PendingResult&lt;com.google.android.gms.common.api.Status&gt; zzd(com.google.android.gms.common.api.GoogleApiClient) 0'>
        <annotation name='org.jetbrains.annotations.NotNull'/>
        <annotation name='org.jetbrains.kannotator.runtime.annotations.Propagated'>
            <val name="value" val="{org.jetbrains.kannotator.controlFlow.builder.analysis.NullabilityKey.class}"/>
        </annotation>
    </item>
    <item name='com.google.android.gms.internal.zzbgj com.google.android.gms.internal.zzbgj zzi(java.lang.String, int)'>
        <annotation name='org.jetbrains.annotations.NotNull'/>
    </item>
    <item name='com.google.android.gms.internal.zzcxn java.lang.String zzhi()'>
        <annotation name='org.jetbrains.annotations.NotNull'/>
    </item>
    <item name='com.google.android.gms.internal.zzcxr java.lang.Object createFromParcel(android.os.Parcel)'>
        <annotation name='org.jetbrains.annotations.NotNull'/>
    </item>
    <item name='com.google.android.gms.internal.zzbgh com.google.android.gms.internal.zzbgh zza(com.google.android.gms.internal.zzbgp&lt;?,?&gt;) 0'>
        <annotation name='org.jetbrains.annotations.NotNull'/>
    </item>
    <item name='com.google.android.gms.internal.zzbgo com.google.android.gms.internal.zzbgo&lt;T,T&gt; zza(java.lang.String, int, java.lang.Class&lt;T&gt;)'>
        <annotation name='org.jetbrains.annotations.NotNull'/>
    </item>
    <item name='com.google.android.gms.internal.zzbew CREATOR'>
        <annotation name='org.jetbrains.annotations.NotNull'/>
    </item>
    <item name='com.google.android.gms.internal.zzfkp com.google.android.gms.internal.zzfjs zza(com.google.android.gms.internal.zzfjj)'>
        <annotation name='org.jetbrains.annotations.NotNull'/>
    </item>
    <item name='com.google.android.gms.internal.zzbgn I zza(com.google.android.gms.internal.zzbgo&lt;I,O&gt;, java.lang.Object) 0'>
        <annotation name='org.jetbrains.annotations.NotNull'/>
    </item>
    <item name='com.google.android.gms.internal.zzfks com.google.android.gms.internal.zzfjs zza(com.google.android.gms.internal.zzfjj)'>
        <annotation name='org.jetbrains.annotations.NotNull'/>
    </item>
    <item name='com.google.android.gms.internal.zzcxn zzcxn(android.content.Context, android.os.Looper, boolean, com.google.android.gms.common.internal.zzr, com.google.android.gms.internal.zzcxe, com.google.android.gms.common.api.GoogleApiClient.ConnectionCallbacks, com.google.android.gms.common.api.GoogleApiClient.OnConnectionFailedListener) 3'>
        <annotation name='org.jetbrains.annotations.NotNull'/>
    </item>
    <item name='com.google.android.gms.internal.zzbgh com.google.android.gms.internal.zzbgh zza(com.google.android.gms.internal.zzbgp&lt;?,?&gt;)'>
        <annotation name='org.jetbrains.annotations.NotNull'/>
    </item>
    <item name='com.google.android.gms.internal.zzcxr java.lang.Object[] newArray(int)'>
        <annotation name='org.jetbrains.annotations.NotNull'/>
    </item>
    <item name='com.google.android.gms.internal.zzbdy com.google.android.gms.internal.zzbea zzi(byte[])'>
        <annotation name='org.jetbrains.annotations.NotNull'/>
    </item>
    <item name='com.google.android.gms.internal.zzbgh CREATOR'>
        <annotation name='org.jetbrains.annotations.NotNull'/>
    </item>
    <item name='com.google.android.gms.internal.zzcxp java.lang.Object[] newArray(int)'>
        <annotation name='org.jetbrains.annotations.NotNull'/>
    </item>
    <item name='com.google.android.gms.internal.zzbgb zzbgb(android.content.Context, android.os.Looper, com.google.android.gms.common.internal.zzr, com.google.android.gms.common.api.GoogleApiClient.ConnectionCallbacks, com.google.android.gms.common.api.GoogleApiClient.OnConnectionFailedListener) 2'>
        <annotation name='org.jetbrains.annotations.NotNull'/>
    </item>
    <item name='com.google.android.gms.internal.zzcud java.lang.Object[] newArray(int)'>
        <annotation name='org.jetbrains.annotations.NotNull'/>
    </item>
    <item name='com.google.android.gms.internal.zzbgz java.lang.Object createFromParcel(android.os.Parcel) 0'>
        <annotation name='org.jetbrains.annotations.NotNull'/>
    </item>
    <item name='com.google.android.gms.internal.zzfkq com.google.android.gms.internal.zzfjs zza(com.google.android.gms.internal.zzfjj) 0'>
        <annotation name='org.jetbrains.annotations.NotNull'/>
    </item>
    <item name='com.google.android.gms.internal.zzcxh java.lang.Object createFromParcel(android.os.Parcel)'>
        <annotation name='org.jetbrains.annotations.NotNull'/>
    </item>
    <item name='com.google.android.gms.internal.zzbeo java.lang.String zzhi()'>
        <annotation name='org.jetbrains.annotations.NotNull'/>
    </item>
    <item name='com.google.android.gms.internal.zzbgs java.lang.Object createFromParcel(android.os.Parcel)'>
        <annotation name='org.jetbrains.annotations.NotNull'/>
    </item>
    <item name='com.google.android.gms.internal.zzbeg java.lang.Object createFromParcel(android.os.Parcel) 0'>
        <annotation name='org.jetbrains.annotations.NotNull'/>
    </item>
    <item name='com.google.android.gms.internal.zzcxq CREATOR'>
        <annotation name='org.jetbrains.annotations.NotNull'/>
    </item>
    <item name='com.google.android.gms.internal.zzbep long zzj(byte[]) 0'>
        <annotation name='org.jetbrains.annotations.NotNull'/>
    </item>
    <item name='com.google.android.gms.internal.zzfkp com.google.android.gms.internal.zzfjs zza(com.google.android.gms.internal.zzfjj) 0'>
        <annotation name='org.jetbrains.annotations.NotNull'/>
    </item>
    <item name='com.google.android.gms.internal.zzcup com.google.android.gms.internal.zzcup zzku(java.lang.String)'>
        <annotation name='org.jetbrains.annotations.NotNull'/>
    </item>
    <item name='com.google.android.gms.internal.zzcxn android.os.Bundle zza(com.google.android.gms.common.internal.zzr)'>
        <annotation name='org.jetbrains.annotations.NotNull'/>
    </item>
    <item name='com.google.android.gms.internal.zzfko com.google.android.gms.internal.zzfjs zza(com.google.android.gms.internal.zzfjj) 0'>
        <annotation name='org.jetbrains.annotations.NotNull'/>
    </item>
    <item name='com.google.android.gms.internal.zzbgy CREATOR'>
        <annotation name='org.jetbrains.annotations.NotNull'/>
    </item>
    <item name='com.google.android.gms.internal.zzbgz java.lang.Object[] newArray(int)'>
        <annotation name='org.jetbrains.annotations.NotNull'/>
    </item>
    <item name='com.google.android.gms.internal.zzbgi java.lang.Object createFromParcel(android.os.Parcel)'>
        <annotation name='org.jetbrains.annotations.NotNull'/>
    </item>
    <item name='com.google.android.gms.internal.zzbgm java.lang.Object createFromParcel(android.os.Parcel) 0'>
        <annotation name='org.jetbrains.annotations.NotNull'/>
    </item>
    <item name='com.google.android.gms.internal.zzfkr com.google.android.gms.internal.zzfjs zza(com.google.android.gms.internal.zzfjj) 0'>
        <annotation name='org.jetbrains.annotations.NotNull'/>
    </item>
    <item name='com.google.android.gms.internal.zzbgo com.google.android.gms.internal.zzbgo&lt;java.util.ArrayList&lt;java.lang.String&gt;,java.util.ArrayList&lt;java.lang.String&gt;&gt; zzm(java.lang.String, int)'>
        <annotation name='org.jetbrains.annotations.NotNull'/>
    </item>
    <item name='com.google.android.gms.internal.zzbgj java.lang.Object convertBack(java.lang.Object) 0'>
        <annotation name='org.jetbrains.annotations.NotNull'/>
    </item>
    <item name='com.google.android.gms.internal.zzbgu CREATOR'>
        <annotation name='org.jetbrains.annotations.NotNull'/>
    </item>
    <item name='com.google.android.gms.internal.zzbgx java.lang.Object createFromParcel(android.os.Parcel) 0'>
        <annotation name='org.jetbrains.annotations.NotNull'/>
    </item>
    <item name='com.google.android.gms.internal.zzbef CREATOR'>
        <annotation name='org.jetbrains.annotations.NotNull'/>
    </item>
    <item name='com.google.android.gms.internal.zzbft zzgbv'>
        <annotation name='org.jetbrains.annotations.NotNull'/>
    </item>
    <item name='com.google.android.gms.internal.zzbgr java.lang.Object createFromParcel(android.os.Parcel)'>
        <annotation name='org.jetbrains.annotations.NotNull'/>
    </item>
    <item name='com.google.android.gms.internal.zzcxa zzebg'>
        <annotation name='org.jetbrains.annotations.NotNull'/>
    </item>
    <item name='com.google.android.gms.internal.zzbeg java.lang.Object[] newArray(int)'>
        <annotation name='org.jetbrains.annotations.NotNull'/>
    </item>
    <item name='com.google.android.gms.internal.zzbei java.lang.Object createFromParcel(android.os.Parcel) 0'>
        <annotation name='org.jetbrains.annotations.NotNull'/>
    </item>
    <item name='com.google.android.gms.internal.zzfkr com.google.android.gms.internal.zzfjs zza(com.google.android.gms.internal.zzfjj)'>
        <annotation name='org.jetbrains.annotations.NotNull'/>
    </item>
    <item name='com.google.android.gms.internal.zzfkn com.google.android.gms.internal.zzfjs zza(com.google.android.gms.internal.zzfjj) 0'>
        <annotation name='org.jetbrains.annotations.NotNull'/>
    </item>
    <item name='com.google.android.gms.internal.zzbgw java.lang.Object createFromParcel(android.os.Parcel) 0'>
        <annotation name='org.jetbrains.annotations.NotNull'/>
    </item>
    <item name='com.google.android.gms.internal.zzbgo com.google.android.gms.internal.zzbgo&lt;java.util.ArrayList&lt;T&gt;,java.util.ArrayList&lt;T&gt;&gt; zzb(java.lang.String, int, java.lang.Class&lt;T&gt;)'>
        <annotation name='org.jetbrains.annotations.NotNull'/>
    </item>
    <item name='com.google.android.gms.internal.zzcxp java.lang.Object createFromParcel(android.os.Parcel)'>
        <annotation name='org.jetbrains.annotations.NotNull'/>
    </item>
    <item name='com.google.android.gms.internal.zzbej com.google.android.gms.common.api.PendingResult&lt;com.google.android.gms.common.api.Status&gt; zza(com.google.android.gms.internal.zzbeh)'>
        <annotation name='org.jetbrains.annotations.NotNull'/>
    </item>
    <item name='com.google.android.gms.internal.zzbgx java.lang.Object[] newArray(int)'>
        <annotation name='org.jetbrains.annotations.NotNull'/>
    </item>
    <item name='com.google.android.gms.internal.zzcup com.google.android.gms.internal.zzcup zzkv(java.lang.String)'>
        <annotation name='org.jetbrains.annotations.NotNull'/>
    </item>
    <item name='com.google.android.gms.internal.zzcxa API'>
        <annotation name='org.jetbrains.annotations.NotNull'/>
    </item>
    <item name='com.google.android.gms.internal.zzbej com.google.android.gms.internal.zzbee zzca(android.content.Context)'>
        <annotation name='org.jetbrains.annotations.NotNull'/>
    </item>
    <item name='com.google.android.gms.internal.zzbgr java.lang.Object[] newArray(int)'>
        <annotation name='org.jetbrains.annotations.NotNull'/>
    </item>
    <item name='com.google.android.gms.internal.zzbeo zzbeo(android.content.Context, android.os.Looper, com.google.android.gms.common.internal.zzr, com.google.android.gms.common.api.GoogleApiClient.ConnectionCallbacks, com.google.android.gms.common.api.GoogleApiClient.OnConnectionFailedListener) 2'>
        <annotation name='org.jetbrains.annotations.NotNull'/>
    </item>
    <item name='com.google.android.gms.internal.zzbgw java.lang.Object createFromParcel(android.os.Parcel)'>
        <annotation name='org.jetbrains.annotations.NotNull'/>
    </item>
    <item name='com.google.android.gms.internal.zzcut java.lang.String zzhi()'>
        <annotation name='org.jetbrains.annotations.NotNull'/>
    </item>
    <item name='com.google.android.gms.internal.zzbft API'>
        <annotation name='org.jetbrains.annotations.NotNull'/>
    </item>
    <item name='com.google.android.gms.internal.zzfkq com.google.android.gms.internal.zzfjs zza(com.google.android.gms.internal.zzfjj)'>
        <annotation name='org.jetbrains.annotations.NotNull'/>
    </item>
    <item name='com.google.android.gms.internal.zzbgo com.google.android.gms.internal.zzbgo&lt;byte[],byte[]&gt; zzn(java.lang.String, int)'>
        <annotation name='org.jetbrains.annotations.NotNull'/>
    </item>
    <item name='com.google.android.gms.internal.zzbdy API'>
        <annotation name='org.jetbrains.annotations.NotNull'/>
    </item>
    <item name='com.google.android.gms.internal.zzbei java.lang.Object createFromParcel(android.os.Parcel)'>
        <annotation name='org.jetbrains.annotations.NotNull'/>
    </item>
    <item name='com.google.android.gms.internal.zzbex java.lang.Object createFromParcel(android.os.Parcel)'>
        <annotation name='org.jetbrains.annotations.NotNull'/>
    </item>
    <item name='com.google.android.gms.internal.zzbei java.lang.Object[] newArray(int)'>
        <annotation name='org.jetbrains.annotations.NotNull'/>
    </item>
    <item name='com.google.android.gms.internal.zzfkn com.google.android.gms.internal.zzfjs zza(com.google.android.gms.internal.zzfjj)'>
        <annotation name='org.jetbrains.annotations.NotNull'/>
    </item>
    <item name='com.google.android.gms.internal.zzbff android.graphics.drawable.Drawable mutate()'>
        <annotation name='org.jetbrains.annotations.NotNull'/>
    </item>
    <item name='com.google.android.gms.internal.zzbgv CREATOR'>
        <annotation name='org.jetbrains.annotations.NotNull'/>
    </item>
    <item name='com.google.android.gms.internal.zzcut zzcut(android.content.Context, android.os.Looper, com.google.android.gms.common.internal.zzr, com.google.android.gms.common.api.GoogleApiClient.ConnectionCallbacks, com.google.android.gms.common.api.GoogleApiClient.OnConnectionFailedListener) 2'>
        <annotation name='org.jetbrains.annotations.NotNull'/>
    </item>
    <item name='com.google.android.gms.internal.zzbgj CREATOR'>
        <annotation name='org.jetbrains.annotations.NotNull'/>
    </item>
    <item name='com.google.android.gms.internal.zzcxn java.lang.String zzhj()'>
        <annotation name='org.jetbrains.annotations.NotNull'/>
    </item>
    <item name='com.google.android.gms.internal.zzbej com.google.android.gms.internal.zzbee zzca(android.content.Context) 0'>
        <annotation name='org.jetbrains.annotations.NotNull'/>
    </item>
    <item name='com.google.android.gms.internal.zzctv com.google.android.gms.internal.zzctv zza(android.content.ContentResolver, android.net.Uri)'>
        <annotation name='org.jetbrains.annotations.NotNull'/>
    </item>
    <item name='com.google.android.gms.internal.zzcxp java.lang.Object createFromParcel(android.os.Parcel) 0'>
        <annotation name='org.jetbrains.annotations.NotNull'/>
    </item>
</root>
