<root>
    <item name='android.support.v4.BuildConfig VERSION_NAME'>
        <annotation name='org.jetbrains.annotations.NotNull'/>
    </item>
    <item name='android.support.v4.BuildConfig BUILD_TYPE'>
        <annotation name='org.jetbrains.annotations.NotNull'/>
    </item>
    <item name='android.support.v4.BuildConfig FLAVOR'>
        <annotation name='org.jetbrains.annotations.NotNull'/>
    </item>
    <item name='android.support.v4.BuildConfig APPLICATION_ID'>
        <annotation name='org.jetbrains.annotations.NotNull'/>
    </item>
</root>
