<root>
    <item name='org.kxml2.wap.WbxmlSerializer org.xmlpull.v1.XmlSerializer attribute(java.lang.String, java.lang.String, java.lang.String) 2'>
        <annotation name='org.jetbrains.annotations.NotNull'/>
        <annotation name='org.jetbrains.kannotator.runtime.annotations.Propagated'>
            <val name="value" val="{org.jetbrains.kannotator.controlFlow.builder.analysis.NullabilityKey.class}"/>
        </annotation>
    </item>
    <item name='org.kxml2.wap.WbxmlSerializer void cdsect(java.lang.String) 0'>
        <annotation name='org.jetbrains.annotations.NotNull'/>
    </item>
    <item name='org.kxml2.wap.WbxmlSerializer void setAttrStartTable(int, java.lang.String[]) 1'>
        <annotation name='org.jetbrains.annotations.NotNull'/>
    </item>
    <item name='org.kxml2.wap.WbxmlSerializer void setProperty(java.lang.String, java.lang.Object) 0'>
        <annotation name='org.jetbrains.annotations.NotNull'/>
        <annotation name='org.jetbrains.kannotator.runtime.annotations.Propagated'>
            <val name="value" val="{org.jetbrains.kannotator.controlFlow.builder.analysis.NullabilityKey.class}"/>
        </annotation>
    </item>
    <item name='org.kxml2.wap.WbxmlSerializer org.xmlpull.v1.XmlSerializer endTag(java.lang.String, java.lang.String)'>
        <annotation name='org.jetbrains.annotations.NotNull'/>
    </item>
    <item name='org.kxml2.wap.WbxmlSerializer org.xmlpull.v1.XmlSerializer attribute(java.lang.String, java.lang.String, java.lang.String)'>
        <annotation name='org.jetbrains.annotations.NotNull'/>
    </item>
    <item name='org.kxml2.wap.WbxmlParser char[] getTextCharacters(int[]) 0'>
        <annotation name='org.jetbrains.annotations.NotNull'/>
    </item>
    <item name='org.kxml2.wap.WbxmlSerializer org.xmlpull.v1.XmlSerializer text(char[], int, int)'>
        <annotation name='org.jetbrains.annotations.NotNull'/>
    </item>
    <item name='org.kxml2.wap.WbxmlSerializer void setAttrValueTable(int, java.lang.String[]) 1'>
        <annotation name='org.jetbrains.annotations.NotNull'/>
    </item>
    <item name='org.kxml2.wap.WbxmlSerializer org.xmlpull.v1.XmlSerializer text(java.lang.String) 0'>
        <annotation name='org.jetbrains.annotations.NotNull'/>
    </item>
    <item name='org.kxml2.wap.WbxmlSerializer org.xmlpull.v1.XmlSerializer text(java.lang.String)'>
        <annotation name='org.jetbrains.annotations.NotNull'/>
    </item>
    <item name='org.kxml2.wap.WbxmlSerializer void setOutput(java.io.OutputStream, java.lang.String) 0'>
        <annotation name='org.jetbrains.annotations.NotNull'/>
        <annotation name='org.jetbrains.kannotator.runtime.annotations.Propagated'>
            <val name="value" val="{org.jetbrains.kannotator.controlFlow.builder.analysis.NullabilityKey.class}"/>
        </annotation>
    </item>
    <item name='org.kxml2.wap.WbxmlSerializer void setTagTable(int, java.lang.String[]) 1'>
        <annotation name='org.jetbrains.annotations.NotNull'/>
    </item>
    <item name='org.kxml2.wap.WbxmlSerializer java.lang.Object getProperty(java.lang.String) 0'>
        <annotation name='org.jetbrains.annotations.NotNull'/>
        <annotation name='org.jetbrains.kannotator.runtime.annotations.Propagated'>
            <val name="value" val="{org.jetbrains.kannotator.controlFlow.builder.analysis.NullabilityKey.class}"/>
        </annotation>
    </item>
    <item name='org.kxml2.wap.WbxmlParser java.lang.Object getProperty(java.lang.String) 0'>
        <annotation name='org.jetbrains.annotations.NotNull'/>
        <annotation name='org.jetbrains.kannotator.runtime.annotations.Propagated'>
            <val name="value" val="{org.jetbrains.kannotator.controlFlow.builder.analysis.NullabilityKey.class}"/>
        </annotation>
    </item>
    <item name='org.kxml2.wap.WbxmlParser void setInput(java.io.InputStream, java.lang.String) 0'>
        <annotation name='org.jetbrains.annotations.NotNull'/>
        <annotation name='org.jetbrains.kannotator.runtime.annotations.Propagated'>
            <val name="value" val="{org.jetbrains.kannotator.controlFlow.builder.analysis.NullabilityKey.class}"/>
        </annotation>
    </item>
    <item name='org.kxml2.wap.WbxmlParser void setProperty(java.lang.String, java.lang.Object) 0'>
        <annotation name='org.jetbrains.annotations.NotNull'/>
        <annotation name='org.jetbrains.kannotator.runtime.annotations.Propagated'>
            <val name="value" val="{org.jetbrains.kannotator.controlFlow.builder.analysis.NullabilityKey.class}"/>
        </annotation>
    </item>
    <item name='org.kxml2.wap.WbxmlSerializer void ignorableWhitespace(java.lang.String) 0'>
        <annotation name='org.jetbrains.annotations.NotNull'/>
        <annotation name='org.jetbrains.kannotator.runtime.annotations.Propagated'>
            <val name="value" val="{org.jetbrains.kannotator.controlFlow.builder.analysis.NullabilityKey.class}"/>
        </annotation>
    </item>
    <item name='org.kxml2.wap.WbxmlParser java.lang.String getAttributeType(int)'>
        <annotation name='org.jetbrains.annotations.NotNull'/>
    </item>
    <item name='org.kxml2.wap.WbxmlSerializer org.xmlpull.v1.XmlSerializer startTag(java.lang.String, java.lang.String)'>
        <annotation name='org.jetbrains.annotations.NotNull'/>
    </item>
</root>
