<root>
    <item name='com.google.android.gms.internal.zzcgj java.lang.Object[] newArray(int)'>
        <annotation name='org.jetbrains.annotations.NotNull'/>
    </item>
    <item name='com.google.android.gms.internal.zzcgm java.lang.Object createFromParcel(android.os.Parcel)'>
        <annotation name='org.jetbrains.annotations.NotNull'/>
    </item>
    <item name='com.google.android.gms.internal.zzcgd com.google.android.gms.internal.zzchh zzawn()'>
        <annotation name='org.jetbrains.annotations.NotNull'/>
    </item>
    <item name='com.google.android.gms.internal.zzcgn com.google.android.gms.internal.zzckc zzawq()'>
        <annotation name='org.jetbrains.annotations.NotNull'/>
    </item>
    <item name='com.google.android.gms.internal.zzchg void zza(com.google.android.gms.internal.zzcgi) 0'>
        <annotation name='org.jetbrains.annotations.NotNull'/>
        <annotation name='org.jetbrains.kannotator.runtime.annotations.Propagated'>
            <val name="value" val="{org.jetbrains.kannotator.controlFlow.builder.analysis.NullabilityKey.class}"/>
        </annotation>
    </item>
    <item name='com.google.android.gms.internal.zzcgn com.google.android.gms.internal.zzcgn zzaxa()'>
        <annotation name='org.jetbrains.annotations.NotNull'/>
    </item>
    <item name='com.google.android.gms.internal.zzcim com.google.android.gms.measurement.AppMeasurement zzazz()'>
        <annotation name='org.jetbrains.annotations.NotNull'/>
    </item>
    <item name='com.google.android.gms.internal.zzchb java.lang.Object[] newArray(int)'>
        <annotation name='org.jetbrains.annotations.NotNull'/>
    </item>
    <item name='com.google.android.gms.internal.zzche void zza(com.google.android.gms.internal.zzcgl, com.google.android.gms.internal.zzcgi) 0'>
        <annotation name='org.jetbrains.annotations.NotNull'/>
        <annotation name='org.jetbrains.kannotator.runtime.annotations.Propagated'>
            <val name="value" val="{org.jetbrains.kannotator.controlFlow.builder.analysis.NullabilityKey.class}"/>
        </annotation>
    </item>
    <item name='com.google.android.gms.internal.zzcir void zza(com.google.android.gms.internal.zzcha, com.google.android.gms.internal.zzcgi) 1'>
        <annotation name='org.jetbrains.annotations.NotNull'/>
    </item>
    <item name='com.google.android.gms.internal.zzcid void onReceive(android.content.Context, android.content.Intent) 0'>
        <annotation name='org.jetbrains.annotations.NotNull'/>
    </item>
    <item name='com.google.android.gms.internal.zzcls com.google.android.gms.internal.zzfjs zza(com.google.android.gms.internal.zzfjj)'>
        <annotation name='org.jetbrains.annotations.NotNull'/>
    </item>
    <item name='com.google.android.gms.internal.zzchm com.google.android.gms.internal.zzcho zzazi()'>
        <annotation name='org.jetbrains.annotations.NotNull'/>
    </item>
    <item name='com.google.android.gms.internal.zzchg java.util.List&lt;com.google.android.gms.internal.zzcgl&gt; zza(java.lang.String, java.lang.String, com.google.android.gms.internal.zzcgi) 2'>
        <annotation name='org.jetbrains.annotations.NotNull'/>
        <annotation name='org.jetbrains.kannotator.runtime.annotations.Propagated'>
            <val name="value" val="{org.jetbrains.kannotator.controlFlow.builder.analysis.NullabilityKey.class}"/>
        </annotation>
    </item>
    <item name='com.google.android.gms.internal.zzcgd com.google.android.gms.internal.zzcig zzawv()'>
        <annotation name='org.jetbrains.annotations.NotNull'/>
    </item>
    <item name='com.google.android.gms.internal.zzcir void zza(com.google.android.gms.internal.zzcln, com.google.android.gms.internal.zzcgi) 1'>
        <annotation name='org.jetbrains.annotations.NotNull'/>
    </item>
    <item name='com.google.android.gms.internal.zzclq long[] zza(java.util.BitSet)'>
        <annotation name='org.jetbrains.annotations.NotNull'/>
    </item>
    <item name='com.google.android.gms.internal.zzcgd com.google.android.gms.internal.zzcgd zzawk()'>
        <annotation name='org.jetbrains.annotations.NotNull'/>
    </item>
    <item name='com.google.android.gms.internal.zzcim com.google.android.gms.internal.zzcgu zzawo()'>
        <annotation name='org.jetbrains.annotations.NotNull'/>
    </item>
    <item name='com.google.android.gms.internal.zzcgn com.google.android.gms.internal.zzclf zzaww()'>
        <annotation name='org.jetbrains.annotations.NotNull'/>
    </item>
    <item name='com.google.android.gms.internal.zzcih java.util.concurrent.Future&lt;V&gt; zzc(java.util.concurrent.Callable&lt;V&gt;)'>
        <annotation name='org.jetbrains.annotations.NotNull'/>
    </item>
    <item name='com.google.android.gms.internal.zzcla boolean onStartJob(android.app.job.JobParameters) 0'>
        <annotation name='org.jetbrains.annotations.NotNull'/>
    </item>
    <item name='com.google.android.gms.internal.zzche void zzb(com.google.android.gms.internal.zzcgi) 0'>
        <annotation name='org.jetbrains.annotations.NotNull'/>
        <annotation name='org.jetbrains.kannotator.runtime.annotations.Propagated'>
            <val name="value" val="{org.jetbrains.kannotator.controlFlow.builder.analysis.NullabilityKey.class}"/>
        </annotation>
    </item>
    <item name='com.google.android.gms.internal.zzcim com.google.android.gms.internal.zzchi zzawr()'>
        <annotation name='org.jetbrains.annotations.NotNull'/>
    </item>
    <item name='com.google.android.gms.internal.zzcgn com.google.android.gms.internal.zzcgd zzawk()'>
        <annotation name='org.jetbrains.annotations.NotNull'/>
    </item>
    <item name='com.google.android.gms.internal.zzcir void zzb(com.google.android.gms.internal.zzcgl) 0'>
        <annotation name='org.jetbrains.annotations.NotNull'/>
    </item>
    <item name='com.google.android.gms.internal.zzcir java.util.List&lt;com.google.android.gms.internal.zzcln&gt; zza(java.lang.String, java.lang.String, boolean, com.google.android.gms.internal.zzcgi) 3'>
        <annotation name='org.jetbrains.annotations.NotNull'/>
    </item>
    <item name='com.google.android.gms.internal.zzcgd com.google.android.gms.internal.zzchk zzawt()'>
        <annotation name='org.jetbrains.annotations.NotNull'/>
    </item>
    <item name='com.google.android.gms.internal.zzcgn com.google.android.gms.internal.zzclq zzawu()'>
        <annotation name='org.jetbrains.annotations.NotNull'/>
    </item>
    <item name='com.google.android.gms.internal.zzche void zzb(com.google.android.gms.internal.zzcgl) 0'>
        <annotation name='org.jetbrains.annotations.NotNull'/>
        <annotation name='org.jetbrains.kannotator.runtime.annotations.Propagated'>
            <val name="value" val="{org.jetbrains.kannotator.controlFlow.builder.analysis.NullabilityKey.class}"/>
        </annotation>
    </item>
    <item name='com.google.android.gms.internal.zzcir void zza(com.google.android.gms.internal.zzcgl, com.google.android.gms.internal.zzcgi) 1'>
        <annotation name='org.jetbrains.annotations.NotNull'/>
    </item>
    <item name='com.google.android.gms.internal.zzchl java.lang.String zzhi()'>
        <annotation name='org.jetbrains.annotations.NotNull'/>
    </item>
    <item name='com.google.android.gms.internal.zzcim com.google.android.gms.internal.zzckg zzawp()'>
        <annotation name='org.jetbrains.annotations.NotNull'/>
    </item>
    <item name='com.google.android.gms.internal.zzclq boolean zzo(android.content.Intent) 0'>
        <annotation name='org.jetbrains.annotations.NotNull'/>
    </item>
    <item name='com.google.android.gms.internal.zzchg java.util.List&lt;com.google.android.gms.internal.zzcln&gt; zza(com.google.android.gms.internal.zzcgi, boolean) 0'>
        <annotation name='org.jetbrains.annotations.NotNull'/>
        <annotation name='org.jetbrains.kannotator.runtime.annotations.Propagated'>
            <val name="value" val="{org.jetbrains.kannotator.controlFlow.builder.analysis.NullabilityKey.class}"/>
        </annotation>
    </item>
    <item name='com.google.android.gms.internal.zzckg zzckg(com.google.android.gms.internal.zzcim) 0'>
        <annotation name='org.jetbrains.annotations.NotNull'/>
    </item>
    <item name='com.google.android.gms.internal.zzche void zza(com.google.android.gms.internal.zzcgl, com.google.android.gms.internal.zzcgi) 1'>
        <annotation name='org.jetbrains.annotations.NotNull'/>
        <annotation name='org.jetbrains.kannotator.runtime.annotations.Propagated'>
            <val name="value" val="{org.jetbrains.kannotator.controlFlow.builder.analysis.NullabilityKey.class}"/>
        </annotation>
    </item>
    <item name='com.google.android.gms.internal.zzclz com.google.android.gms.internal.zzfjs zza(com.google.android.gms.internal.zzfjj) 0'>
        <annotation name='org.jetbrains.annotations.NotNull'/>
    </item>
    <item name='com.google.android.gms.internal.zzcgd com.google.android.gms.internal.zzcgn zzaxa()'>
        <annotation name='org.jetbrains.annotations.NotNull'/>
    </item>
    <item name='com.google.android.gms.internal.zzcmg com.google.android.gms.internal.zzfjs zza(com.google.android.gms.internal.zzfjj) 0'>
        <annotation name='org.jetbrains.annotations.NotNull'/>
    </item>
    <item name='com.google.android.gms.internal.zzcma com.google.android.gms.internal.zzfjs zza(com.google.android.gms.internal.zzfjj)'>
        <annotation name='org.jetbrains.annotations.NotNull'/>
    </item>
    <item name='com.google.android.gms.internal.zzcgn long zza(java.lang.String, com.google.android.gms.internal.zzchd&lt;java.lang.Long&gt;) 1'>
        <annotation name='org.jetbrains.annotations.NotNull'/>
    </item>
    <item name='com.google.android.gms.internal.zzclt com.google.android.gms.internal.zzfjs zza(com.google.android.gms.internal.zzfjj)'>
        <annotation name='org.jetbrains.annotations.NotNull'/>
    </item>
    <item name='com.google.android.gms.internal.zzchi boolean zza(com.google.android.gms.internal.zzcln) 0'>
        <annotation name='org.jetbrains.annotations.NotNull'/>
    </item>
    <item name='com.google.android.gms.internal.zzcgd com.google.android.gms.internal.zzchi zzawr()'>
        <annotation name='org.jetbrains.annotations.NotNull'/>
    </item>
    <item name='com.google.android.gms.internal.zzcgj java.lang.Object createFromParcel(android.os.Parcel)'>
        <annotation name='org.jetbrains.annotations.NotNull'/>
    </item>
    <item name='com.google.android.gms.internal.zzcgm java.lang.Object[] newArray(int)'>
        <annotation name='org.jetbrains.annotations.NotNull'/>
    </item>
    <item name='com.google.android.gms.internal.zzcim com.google.android.gms.internal.zzchx zzawz()'>
        <annotation name='org.jetbrains.annotations.NotNull'/>
    </item>
    <item name='com.google.android.gms.internal.zzckg void zzc(com.google.android.gms.internal.zzcha, java.lang.String) 0'>
        <annotation name='org.jetbrains.annotations.NotNull'/>
    </item>
    <item name='com.google.android.gms.internal.zzcgn com.google.android.gms.internal.zzcjn zzawm()'>
        <annotation name='org.jetbrains.annotations.NotNull'/>
    </item>
    <item name='com.google.android.gms.internal.zzclv com.google.android.gms.internal.zzfjs zza(com.google.android.gms.internal.zzfjj)'>
        <annotation name='org.jetbrains.annotations.NotNull'/>
    </item>
    <item name='com.google.android.gms.internal.zzcim com.google.android.gms.internal.zzchh zzawn()'>
        <annotation name='org.jetbrains.annotations.NotNull'/>
    </item>
    <item name='com.google.android.gms.internal.zzchm com.google.android.gms.internal.zzcho zzaze()'>
        <annotation name='org.jetbrains.annotations.NotNull'/>
    </item>
    <item name='com.google.android.gms.internal.zzchg void zza(com.google.android.gms.internal.zzcgl, com.google.android.gms.internal.zzcgi) 0'>
        <annotation name='org.jetbrains.annotations.NotNull'/>
        <annotation name='org.jetbrains.kannotator.runtime.annotations.Propagated'>
            <val name="value" val="{org.jetbrains.kannotator.controlFlow.builder.analysis.NullabilityKey.class}"/>
        </annotation>
    </item>
    <item name='com.google.android.gms.internal.zzcim com.google.android.gms.internal.zzchk zzawt()'>
        <annotation name='org.jetbrains.annotations.NotNull'/>
    </item>
    <item name='com.google.android.gms.internal.zzchg void zza(com.google.android.gms.internal.zzcln, com.google.android.gms.internal.zzcgi) 1'>
        <annotation name='org.jetbrains.annotations.NotNull'/>
        <annotation name='org.jetbrains.kannotator.runtime.annotations.Propagated'>
            <val name="value" val="{org.jetbrains.kannotator.controlFlow.builder.analysis.NullabilityKey.class}"/>
        </annotation>
    </item>
    <item name='com.google.android.gms.internal.zzcmc com.google.android.gms.internal.zzfjs zza(com.google.android.gms.internal.zzfjj)'>
        <annotation name='org.jetbrains.annotations.NotNull'/>
    </item>
    <item name='com.google.android.gms.internal.zzcim com.google.android.gms.internal.zzcgd zzawk()'>
        <annotation name='org.jetbrains.annotations.NotNull'/>
    </item>
    <item name='com.google.android.gms.internal.zzche java.util.List&lt;com.google.android.gms.internal.zzcln&gt; zza(java.lang.String, java.lang.String, boolean, com.google.android.gms.internal.zzcgi) 3'>
        <annotation name='org.jetbrains.annotations.NotNull'/>
        <annotation name='org.jetbrains.kannotator.runtime.annotations.Propagated'>
            <val name="value" val="{org.jetbrains.kannotator.controlFlow.builder.analysis.NullabilityKey.class}"/>
        </annotation>
    </item>
    <item name='com.google.android.gms.internal.zzcgm java.lang.Object createFromParcel(android.os.Parcel) 0'>
        <annotation name='org.jetbrains.annotations.NotNull'/>
    </item>
    <item name='com.google.android.gms.internal.zzcim com.google.android.gms.internal.zzchm zzawy()'>
        <annotation name='org.jetbrains.annotations.NotNull'/>
    </item>
    <item name='com.google.android.gms.internal.zzcgj java.lang.Object createFromParcel(android.os.Parcel) 0'>
        <annotation name='org.jetbrains.annotations.NotNull'/>
    </item>
    <item name='com.google.android.gms.internal.zzchg java.util.List&lt;com.google.android.gms.internal.zzcln&gt; zza(java.lang.String, java.lang.String, boolean, com.google.android.gms.internal.zzcgi) 3'>
        <annotation name='org.jetbrains.annotations.NotNull'/>
        <annotation name='org.jetbrains.kannotator.runtime.annotations.Propagated'>
            <val name="value" val="{org.jetbrains.kannotator.controlFlow.builder.analysis.NullabilityKey.class}"/>
        </annotation>
    </item>
    <item name='com.google.android.gms.internal.zzcgz java.lang.Object createFromParcel(android.os.Parcel)'>
        <annotation name='org.jetbrains.annotations.NotNull'/>
    </item>
    <item name='com.google.android.gms.internal.zzcmf com.google.android.gms.internal.zzfjs zza(com.google.android.gms.internal.zzfjj) 0'>
        <annotation name='org.jetbrains.annotations.NotNull'/>
    </item>
    <item name='com.google.android.gms.internal.zzcgd com.google.android.gms.internal.zzckc zzawq()'>
        <annotation name='org.jetbrains.annotations.NotNull'/>
    </item>
    <item name='com.google.android.gms.internal.zzcgz java.lang.Object[] newArray(int)'>
        <annotation name='org.jetbrains.annotations.NotNull'/>
    </item>
    <item name='com.google.android.gms.internal.zzcgn com.google.android.gms.internal.zzckg zzawp()'>
        <annotation name='org.jetbrains.annotations.NotNull'/>
    </item>
    <item name='com.google.android.gms.internal.zzcmc com.google.android.gms.internal.zzfjs zza(com.google.android.gms.internal.zzfjj) 0'>
        <annotation name='org.jetbrains.annotations.NotNull'/>
    </item>
    <item name='com.google.android.gms.internal.zzchm com.google.android.gms.internal.zzcho zzazg()'>
        <annotation name='org.jetbrains.annotations.NotNull'/>
    </item>
    <item name='com.google.android.gms.internal.zzclq void zza(com.google.android.gms.internal.zzcmg, java.lang.Object) 0'>
        <annotation name='org.jetbrains.annotations.NotNull'/>
    </item>
    <item name='com.google.android.gms.internal.zzcgn int zzb(java.lang.String, com.google.android.gms.internal.zzchd&lt;java.lang.Integer&gt;) 1'>
        <annotation name='org.jetbrains.annotations.NotNull'/>
    </item>
    <item name='com.google.android.gms.internal.zzcgd com.google.android.gms.internal.zzchm zzawy()'>
        <annotation name='org.jetbrains.annotations.NotNull'/>
    </item>
    <item name='com.google.android.gms.internal.zzcir java.util.List&lt;com.google.android.gms.internal.zzcln&gt; zza(com.google.android.gms.internal.zzcgi, boolean) 0'>
        <annotation name='org.jetbrains.annotations.NotNull'/>
    </item>
    <item name='com.google.android.gms.internal.zzcim com.google.firebase.analytics.FirebaseAnalytics zzbaa()'>
        <annotation name='org.jetbrains.annotations.NotNull'/>
    </item>
    <item name='com.google.android.gms.internal.zzchg void zza(com.google.android.gms.internal.zzcgl, com.google.android.gms.internal.zzcgi) 1'>
        <annotation name='org.jetbrains.annotations.NotNull'/>
        <annotation name='org.jetbrains.kannotator.runtime.annotations.Propagated'>
            <val name="value" val="{org.jetbrains.kannotator.controlFlow.builder.analysis.NullabilityKey.class}"/>
        </annotation>
    </item>
    <item name='com.google.android.gms.internal.zzcly com.google.android.gms.internal.zzfjs zza(com.google.android.gms.internal.zzfjj) 0'>
        <annotation name='org.jetbrains.annotations.NotNull'/>
    </item>
    <item name='com.google.android.gms.internal.zzcim com.google.android.gms.internal.zzcih zzawx()'>
        <annotation name='org.jetbrains.annotations.NotNull'/>
    </item>
    <item name='com.google.android.gms.internal.zzcgn com.google.android.gms.internal.zzchx zzawz()'>
        <annotation name='org.jetbrains.annotations.NotNull'/>
    </item>
    <item name='com.google.android.gms.internal.zzcim com.google.android.gms.internal.zzckc zzawq()'>
        <annotation name='org.jetbrains.annotations.NotNull'/>
    </item>
    <item name='com.google.android.gms.internal.zzcgd com.google.android.gms.internal.zzcih zzawx()'>
        <annotation name='org.jetbrains.annotations.NotNull'/>
    </item>
    <item name='com.google.android.gms.internal.zzcgx java.util.Iterator&lt;java.lang.String&gt; iterator()'>
        <annotation name='org.jetbrains.annotations.NotNull'/>
    </item>
    <item name='com.google.android.gms.internal.zzcim com.google.android.gms.internal.zzcim zzdx(android.content.Context) 0'>
        <annotation name='org.jetbrains.annotations.NotNull'/>
    </item>
    <item name='com.google.android.gms.internal.zzcls com.google.android.gms.internal.zzfjs zza(com.google.android.gms.internal.zzfjj) 0'>
        <annotation name='org.jetbrains.annotations.NotNull'/>
    </item>
    <item name='com.google.android.gms.internal.zzclv com.google.android.gms.internal.zzfjs zza(com.google.android.gms.internal.zzfjj) 0'>
        <annotation name='org.jetbrains.annotations.NotNull'/>
    </item>
    <item name='com.google.android.gms.internal.zzcim void zzf(com.google.android.gms.internal.zzcgi) 0'>
        <annotation name='org.jetbrains.annotations.NotNull'/>
    </item>
    <item name='com.google.android.gms.internal.zzchg void zzb(com.google.android.gms.internal.zzcgl) 0'>
        <annotation name='org.jetbrains.annotations.NotNull'/>
        <annotation name='org.jetbrains.kannotator.runtime.annotations.Propagated'>
            <val name="value" val="{org.jetbrains.kannotator.controlFlow.builder.analysis.NullabilityKey.class}"/>
        </annotation>
    </item>
    <item name='com.google.android.gms.internal.zzclu com.google.android.gms.internal.zzfjs zza(com.google.android.gms.internal.zzfjj) 0'>
        <annotation name='org.jetbrains.annotations.NotNull'/>
    </item>
    <item name='com.google.android.gms.internal.zzcjm zzcjm(android.content.Context) 0'>
        <annotation name='org.jetbrains.annotations.NotNull'/>
    </item>
    <item name='com.google.android.gms.internal.zzcgz java.lang.Object createFromParcel(android.os.Parcel) 0'>
        <annotation name='org.jetbrains.annotations.NotNull'/>
    </item>
    <item name='com.google.android.gms.internal.zzcmf com.google.android.gms.internal.zzfjs zza(com.google.android.gms.internal.zzfjj)'>
        <annotation name='org.jetbrains.annotations.NotNull'/>
    </item>
    <item name='com.google.android.gms.internal.zzcim com.google.android.gms.internal.zzclf zzaww()'>
        <annotation name='org.jetbrains.annotations.NotNull'/>
    </item>
    <item name='com.google.android.gms.internal.zzcmb com.google.android.gms.internal.zzfjs zza(com.google.android.gms.internal.zzfjj) 0'>
        <annotation name='org.jetbrains.annotations.NotNull'/>
    </item>
    <item name='com.google.android.gms.internal.zzche java.util.List&lt;com.google.android.gms.internal.zzcln&gt; zza(com.google.android.gms.internal.zzcgi, boolean) 0'>
        <annotation name='org.jetbrains.annotations.NotNull'/>
        <annotation name='org.jetbrains.kannotator.runtime.annotations.Propagated'>
            <val name="value" val="{org.jetbrains.kannotator.controlFlow.builder.analysis.NullabilityKey.class}"/>
        </annotation>
    </item>
    <item name='com.google.android.gms.internal.zzcih java.util.concurrent.Future&lt;V&gt; zzd(java.util.concurrent.Callable&lt;V&gt;)'>
        <annotation name='org.jetbrains.annotations.NotNull'/>
    </item>
    <item name='com.google.android.gms.internal.zzcgd com.google.android.gms.internal.zzcgk zzawl()'>
        <annotation name='org.jetbrains.annotations.NotNull'/>
    </item>
    <item name='com.google.android.gms.internal.zzcgx CREATOR'>
        <annotation name='org.jetbrains.annotations.NotNull'/>
    </item>
    <item name='com.google.android.gms.internal.zzcim com.google.android.gms.internal.zzcgn zzaxa()'>
        <annotation name='org.jetbrains.annotations.NotNull'/>
    </item>
    <item name='com.google.android.gms.internal.zzche java.util.List&lt;com.google.android.gms.internal.zzcgl&gt; zza(java.lang.String, java.lang.String, com.google.android.gms.internal.zzcgi) 2'>
        <annotation name='org.jetbrains.annotations.NotNull'/>
        <annotation name='org.jetbrains.kannotator.runtime.annotations.Propagated'>
            <val name="value" val="{org.jetbrains.kannotator.controlFlow.builder.analysis.NullabilityKey.class}"/>
        </annotation>
    </item>
    <item name='com.google.android.gms.internal.zzcmg com.google.android.gms.internal.zzfjs zza(com.google.android.gms.internal.zzfjj)'>
        <annotation name='org.jetbrains.annotations.NotNull'/>
    </item>
    <item name='com.google.android.gms.internal.zzchg void zzb(com.google.android.gms.internal.zzcgi) 0'>
        <annotation name='org.jetbrains.annotations.NotNull'/>
        <annotation name='org.jetbrains.kannotator.runtime.annotations.Propagated'>
            <val name="value" val="{org.jetbrains.kannotator.controlFlow.builder.analysis.NullabilityKey.class}"/>
        </annotation>
    </item>
    <item name='com.google.android.gms.internal.zzclq long[] zza(java.util.BitSet) 0'>
        <annotation name='org.jetbrains.annotations.NotNull'/>
    </item>
    <item name='com.google.android.gms.internal.zzcly com.google.android.gms.internal.zzfjs zza(com.google.android.gms.internal.zzfjj)'>
        <annotation name='org.jetbrains.annotations.NotNull'/>
    </item>
    <item name='com.google.android.gms.internal.zzcim com.google.android.gms.internal.zzclq zzawu()'>
        <annotation name='org.jetbrains.annotations.NotNull'/>
    </item>
    <item name='com.google.android.gms.internal.zzcgi CREATOR'>
        <annotation name='org.jetbrains.annotations.NotNull'/>
    </item>
    <item name='com.google.android.gms.internal.zzchm com.google.android.gms.internal.zzcho zzazj()'>
        <annotation name='org.jetbrains.annotations.NotNull'/>
    </item>
    <item name='com.google.android.gms.internal.zzcim com.google.android.gms.internal.zzchq zzbab()'>
        <annotation name='org.jetbrains.annotations.NotNull'/>
    </item>
    <item name='com.google.android.gms.internal.zzcgl CREATOR'>
        <annotation name='org.jetbrains.annotations.NotNull'/>
    </item>
    <item name='com.google.android.gms.internal.zzcjn void setConditionalUserProperty(com.google.android.gms.measurement.AppMeasurement.ConditionalUserProperty) 0'>
        <annotation name='org.jetbrains.annotations.NotNull'/>
    </item>
    <item name='com.google.android.gms.internal.zzcgn com.google.android.gms.internal.zzcgu zzawo()'>
        <annotation name='org.jetbrains.annotations.NotNull'/>
    </item>
    <item name='com.google.android.gms.internal.zzclq java.lang.String zza(java.lang.String, java.lang.String[], java.lang.String[]) 2'>
        <annotation name='org.jetbrains.annotations.NotNull'/>
    </item>
    <item name='com.google.android.gms.internal.zzcgn com.google.android.gms.internal.zzcgo zzaws()'>
        <annotation name='org.jetbrains.annotations.NotNull'/>
    </item>
    <item name='com.google.android.gms.internal.zzche void zza(com.google.android.gms.internal.zzcgi) 0'>
        <annotation name='org.jetbrains.annotations.NotNull'/>
        <annotation name='org.jetbrains.kannotator.runtime.annotations.Propagated'>
            <val name="value" val="{org.jetbrains.kannotator.controlFlow.builder.analysis.NullabilityKey.class}"/>
        </annotation>
    </item>
    <item name='com.google.android.gms.internal.zzcir void zza(com.google.android.gms.internal.zzcgi) 0'>
        <annotation name='org.jetbrains.annotations.NotNull'/>
    </item>
    <item name='com.google.android.gms.internal.zzclo java.lang.Object[] newArray(int)'>
        <annotation name='org.jetbrains.annotations.NotNull'/>
    </item>
    <item name='com.google.android.gms.internal.zzclq java.lang.Object zza(com.google.android.gms.internal.zzcmb, java.lang.String) 0'>
        <annotation name='org.jetbrains.annotations.NotNull'/>
    </item>
    <item name='com.google.android.gms.internal.zzclt com.google.android.gms.internal.zzfjs zza(com.google.android.gms.internal.zzfjj) 0'>
        <annotation name='org.jetbrains.annotations.NotNull'/>
    </item>
    <item name='com.google.android.gms.internal.zzclq void zza(com.google.android.gms.internal.zzcmc, java.lang.Object) 0'>
        <annotation name='org.jetbrains.annotations.NotNull'/>
    </item>
    <item name='com.google.android.gms.internal.zzcgn com.google.android.gms.internal.zzchi zzawr()'>
        <annotation name='org.jetbrains.annotations.NotNull'/>
    </item>
    <item name='com.google.android.gms.internal.zzcir java.util.List&lt;com.google.android.gms.internal.zzcgl&gt; zza(java.lang.String, java.lang.String, com.google.android.gms.internal.zzcgi) 2'>
        <annotation name='org.jetbrains.annotations.NotNull'/>
    </item>
    <item name='com.google.android.gms.internal.zzcgn com.google.android.gms.internal.zzchm zzawy()'>
        <annotation name='org.jetbrains.annotations.NotNull'/>
    </item>
    <item name='com.google.android.gms.internal.zzclw com.google.android.gms.internal.zzfjs zza(com.google.android.gms.internal.zzfjj) 0'>
        <annotation name='org.jetbrains.annotations.NotNull'/>
    </item>
    <item name='com.google.android.gms.internal.zzclq java.lang.String zza(java.lang.String, int, boolean) 0'>
        <annotation name='org.jetbrains.annotations.NotNull'/>
    </item>
    <item name='com.google.android.gms.internal.zzcmd com.google.android.gms.internal.zzfjs zza(com.google.android.gms.internal.zzfjj)'>
        <annotation name='org.jetbrains.annotations.NotNull'/>
    </item>
    <item name='com.google.android.gms.internal.zzclq java.lang.String zza(java.lang.String, java.lang.String[], java.lang.String[]) 1'>
        <annotation name='org.jetbrains.annotations.NotNull'/>
    </item>
    <item name='com.google.android.gms.internal.zzcgn com.google.android.gms.internal.zzcih zzawx()'>
        <annotation name='org.jetbrains.annotations.NotNull'/>
    </item>
    <item name='com.google.android.gms.internal.zzchg java.lang.String zzc(com.google.android.gms.internal.zzcgi) 0'>
        <annotation name='org.jetbrains.annotations.NotNull'/>
        <annotation name='org.jetbrains.kannotator.runtime.annotations.Propagated'>
            <val name="value" val="{org.jetbrains.kannotator.controlFlow.builder.analysis.NullabilityKey.class}"/>
        </annotation>
    </item>
    <item name='com.google.android.gms.internal.zzckg void zzb(com.google.android.gms.internal.zzcln) 0'>
        <annotation name='org.jetbrains.annotations.NotNull'/>
    </item>
    <item name='com.google.android.gms.internal.zzcma com.google.android.gms.internal.zzfjs zza(com.google.android.gms.internal.zzfjj) 0'>
        <annotation name='org.jetbrains.annotations.NotNull'/>
    </item>
    <item name='com.google.android.gms.internal.zzchg void zza(com.google.android.gms.internal.zzcha, com.google.android.gms.internal.zzcgi) 1'>
        <annotation name='org.jetbrains.annotations.NotNull'/>
        <annotation name='org.jetbrains.kannotator.runtime.annotations.Propagated'>
            <val name="value" val="{org.jetbrains.kannotator.controlFlow.builder.analysis.NullabilityKey.class}"/>
        </annotation>
    </item>
    <item name='com.google.android.gms.internal.zzcln CREATOR'>
        <annotation name='org.jetbrains.annotations.NotNull'/>
    </item>
    <item name='com.google.android.gms.internal.zzchg void zza(com.google.android.gms.internal.zzcln, com.google.android.gms.internal.zzcgi) 0'>
        <annotation name='org.jetbrains.annotations.NotNull'/>
        <annotation name='org.jetbrains.kannotator.runtime.annotations.Propagated'>
            <val name="value" val="{org.jetbrains.kannotator.controlFlow.builder.analysis.NullabilityKey.class}"/>
        </annotation>
    </item>
    <item name='com.google.android.gms.internal.zzclo java.lang.Object createFromParcel(android.os.Parcel)'>
        <annotation name='org.jetbrains.annotations.NotNull'/>
    </item>
    <item name='com.google.android.gms.internal.zzchg byte[] zza(com.google.android.gms.internal.zzcha, java.lang.String) 0'>
        <annotation name='org.jetbrains.annotations.NotNull'/>
        <annotation name='org.jetbrains.kannotator.runtime.annotations.Propagated'>
            <val name="value" val="{org.jetbrains.kannotator.controlFlow.builder.analysis.NullabilityKey.class}"/>
        </annotation>
    </item>
    <item name='com.google.android.gms.internal.zzchm com.google.android.gms.internal.zzcho zzazd()'>
        <annotation name='org.jetbrains.annotations.NotNull'/>
    </item>
    <item name='com.google.android.gms.internal.zzclz com.google.android.gms.internal.zzfjs zza(com.google.android.gms.internal.zzfjj)'>
        <annotation name='org.jetbrains.annotations.NotNull'/>
    </item>
    <item name='com.google.android.gms.internal.zzchg void zzd(com.google.android.gms.internal.zzcgi) 0'>
        <annotation name='org.jetbrains.annotations.NotNull'/>
        <annotation name='org.jetbrains.kannotator.runtime.annotations.Propagated'>
            <val name="value" val="{org.jetbrains.kannotator.controlFlow.builder.analysis.NullabilityKey.class}"/>
        </annotation>
    </item>
    <item name='com.google.android.gms.internal.zzchi boolean zza(com.google.android.gms.internal.zzcha) 0'>
        <annotation name='org.jetbrains.annotations.NotNull'/>
    </item>
    <item name='com.google.android.gms.internal.zzclw com.google.android.gms.internal.zzfjs zza(com.google.android.gms.internal.zzfjj)'>
        <annotation name='org.jetbrains.annotations.NotNull'/>
    </item>
    <item name='com.google.android.gms.internal.zzcgd com.google.android.gms.internal.zzchx zzawz()'>
        <annotation name='org.jetbrains.annotations.NotNull'/>
    </item>
    <item name='com.google.android.gms.internal.zzcmd com.google.android.gms.internal.zzfjs zza(com.google.android.gms.internal.zzfjj) 0'>
        <annotation name='org.jetbrains.annotations.NotNull'/>
    </item>
    <item name='com.google.android.gms.internal.zzclx com.google.android.gms.internal.zzfjs zza(com.google.android.gms.internal.zzfjj) 0'>
        <annotation name='org.jetbrains.annotations.NotNull'/>
    </item>
    <item name='com.google.android.gms.internal.zzcim com.google.android.gms.internal.zzcig zzawv()'>
        <annotation name='org.jetbrains.annotations.NotNull'/>
    </item>
    <item name='com.google.android.gms.internal.zzcir void zza(com.google.android.gms.internal.zzcgl, com.google.android.gms.internal.zzcgi) 0'>
        <annotation name='org.jetbrains.annotations.NotNull'/>
    </item>
    <item name='com.google.android.gms.internal.zzcir void zzd(com.google.android.gms.internal.zzcgi) 0'>
        <annotation name='org.jetbrains.annotations.NotNull'/>
    </item>
    <item name='com.google.android.gms.internal.zzchk java.lang.String zza(com.google.android.gms.internal.zzcmd) 0'>
        <annotation name='org.jetbrains.annotations.NotNull'/>
    </item>
    <item name='com.google.android.gms.internal.zzcim com.google.android.gms.internal.zzcgk zzawl()'>
        <annotation name='org.jetbrains.annotations.NotNull'/>
    </item>
    <item name='com.google.android.gms.internal.zzclo java.lang.Object createFromParcel(android.os.Parcel) 0'>
        <annotation name='org.jetbrains.annotations.NotNull'/>
    </item>
    <item name='com.google.android.gms.internal.zzcme com.google.android.gms.internal.zzfjs zza(com.google.android.gms.internal.zzfjj) 0'>
        <annotation name='org.jetbrains.annotations.NotNull'/>
    </item>
    <item name='com.google.android.gms.internal.zzclq boolean zza(long[], int) 0'>
        <annotation name='org.jetbrains.annotations.NotNull'/>
    </item>
    <item name='com.google.android.gms.internal.zzclr com.google.android.gms.internal.zzfjs zza(com.google.android.gms.internal.zzfjj) 0'>
        <annotation name='org.jetbrains.annotations.NotNull'/>
    </item>
    <item name='com.google.android.gms.internal.zzcim com.google.android.gms.internal.zzcjn zzawm()'>
        <annotation name='org.jetbrains.annotations.NotNull'/>
    </item>
    <item name='com.google.android.gms.internal.zzcgn com.google.android.gms.internal.zzcgk zzawl()'>
        <annotation name='org.jetbrains.annotations.NotNull'/>
    </item>
    <item name='com.google.android.gms.internal.zzcgd com.google.android.gms.internal.zzclf zzaww()'>
        <annotation name='org.jetbrains.annotations.NotNull'/>
    </item>
    <item name='com.google.android.gms.internal.zzcgd com.google.android.gms.internal.zzckg zzawp()'>
        <annotation name='org.jetbrains.annotations.NotNull'/>
    </item>
    <item name='com.google.android.gms.internal.zzchb java.lang.Object createFromParcel(android.os.Parcel)'>
        <annotation name='org.jetbrains.annotations.NotNull'/>
    </item>
    <item name='com.google.android.gms.internal.zzchl java.lang.String zzhj()'>
        <annotation name='org.jetbrains.annotations.NotNull'/>
    </item>
    <item name='com.google.android.gms.internal.zzcgn com.google.android.gms.internal.zzchk zzawt()'>
        <annotation name='org.jetbrains.annotations.NotNull'/>
    </item>
    <item name='com.google.android.gms.internal.zzcgd com.google.android.gms.internal.zzclq zzawu()'>
        <annotation name='org.jetbrains.annotations.NotNull'/>
    </item>
    <item name='com.google.android.gms.internal.zzcir void zzb(com.google.android.gms.internal.zzcgi) 0'>
        <annotation name='org.jetbrains.annotations.NotNull'/>
    </item>
    <item name='com.google.android.gms.internal.zzcgn com.google.android.gms.internal.zzcig zzawv()'>
        <annotation name='org.jetbrains.annotations.NotNull'/>
    </item>
    <item name='com.google.android.gms.internal.zzclr com.google.android.gms.internal.zzfjs zza(com.google.android.gms.internal.zzfjj)'>
        <annotation name='org.jetbrains.annotations.NotNull'/>
    </item>
    <item name='com.google.android.gms.internal.zzche void zza(com.google.android.gms.internal.zzcln, com.google.android.gms.internal.zzcgi) 1'>
        <annotation name='org.jetbrains.annotations.NotNull'/>
        <annotation name='org.jetbrains.kannotator.runtime.annotations.Propagated'>
            <val name="value" val="{org.jetbrains.kannotator.controlFlow.builder.analysis.NullabilityKey.class}"/>
        </annotation>
    </item>
    <item name='com.google.android.gms.internal.zzcgn com.google.android.gms.internal.zzchh zzawn()'>
        <annotation name='org.jetbrains.annotations.NotNull'/>
    </item>
    <item name='com.google.android.gms.internal.zzcgd com.google.android.gms.internal.zzcgu zzawo()'>
        <annotation name='org.jetbrains.annotations.NotNull'/>
    </item>
    <item name='com.google.android.gms.internal.zzcir byte[] zza(com.google.android.gms.internal.zzcha, java.lang.String) 0'>
        <annotation name='org.jetbrains.annotations.NotNull'/>
    </item>
    <item name='com.google.android.gms.internal.zzclx com.google.android.gms.internal.zzfjs zza(com.google.android.gms.internal.zzfjj)'>
        <annotation name='org.jetbrains.annotations.NotNull'/>
    </item>
    <item name='com.google.android.gms.internal.zzchm com.google.android.gms.internal.zzcho zzazf()'>
        <annotation name='org.jetbrains.annotations.NotNull'/>
    </item>
    <item name='com.google.android.gms.internal.zzclu com.google.android.gms.internal.zzfjs zza(com.google.android.gms.internal.zzfjj)'>
        <annotation name='org.jetbrains.annotations.NotNull'/>
    </item>
    <item name='com.google.android.gms.internal.zzcha CREATOR'>
        <annotation name='org.jetbrains.annotations.NotNull'/>
    </item>
    <item name='com.google.android.gms.internal.zzcgx android.os.Bundle zzayx()'>
        <annotation name='org.jetbrains.annotations.NotNull'/>
    </item>
    <item name='com.google.android.gms.internal.zzcmb com.google.android.gms.internal.zzfjs zza(com.google.android.gms.internal.zzfjj)'>
        <annotation name='org.jetbrains.annotations.NotNull'/>
    </item>
    <item name='com.google.android.gms.internal.zzcgd com.google.android.gms.internal.zzcjn zzawm()'>
        <annotation name='org.jetbrains.annotations.NotNull'/>
    </item>
    <item name='com.google.android.gms.internal.zzche void zza(com.google.android.gms.internal.zzcha, com.google.android.gms.internal.zzcgi) 1'>
        <annotation name='org.jetbrains.annotations.NotNull'/>
        <annotation name='org.jetbrains.kannotator.runtime.annotations.Propagated'>
            <val name="value" val="{org.jetbrains.kannotator.controlFlow.builder.analysis.NullabilityKey.class}"/>
        </annotation>
    </item>
    <item name='com.google.android.gms.internal.zzche void zzd(com.google.android.gms.internal.zzcgi) 0'>
        <annotation name='org.jetbrains.annotations.NotNull'/>
        <annotation name='org.jetbrains.kannotator.runtime.annotations.Propagated'>
            <val name="value" val="{org.jetbrains.kannotator.controlFlow.builder.analysis.NullabilityKey.class}"/>
        </annotation>
    </item>
    <item name='com.google.android.gms.internal.zzcjn void setConditionalUserPropertyAs(com.google.android.gms.measurement.AppMeasurement.ConditionalUserProperty) 0'>
        <annotation name='org.jetbrains.annotations.NotNull'/>
    </item>
    <item name='com.google.android.gms.internal.zzckg void zzf(com.google.android.gms.internal.zzcgl) 0'>
        <annotation name='org.jetbrains.annotations.NotNull'/>
    </item>
    <item name='com.google.android.gms.internal.zzchb java.lang.Object createFromParcel(android.os.Parcel) 0'>
        <annotation name='org.jetbrains.annotations.NotNull'/>
    </item>
    <item name='com.google.android.gms.internal.zzche byte[] zza(com.google.android.gms.internal.zzcha, java.lang.String) 0'>
        <annotation name='org.jetbrains.annotations.NotNull'/>
        <annotation name='org.jetbrains.kannotator.runtime.annotations.Propagated'>
            <val name="value" val="{org.jetbrains.kannotator.controlFlow.builder.analysis.NullabilityKey.class}"/>
        </annotation>
    </item>
    <item name='com.google.android.gms.internal.zzche java.lang.String zzc(com.google.android.gms.internal.zzcgi) 0'>
        <annotation name='org.jetbrains.annotations.NotNull'/>
        <annotation name='org.jetbrains.kannotator.runtime.annotations.Propagated'>
            <val name="value" val="{org.jetbrains.kannotator.controlFlow.builder.analysis.NullabilityKey.class}"/>
        </annotation>
    </item>
    <item name='com.google.android.gms.internal.zzcir java.lang.String zzc(com.google.android.gms.internal.zzcgi) 0'>
        <annotation name='org.jetbrains.annotations.NotNull'/>
    </item>
    <item name='com.google.android.gms.internal.zzche void zza(com.google.android.gms.internal.zzcln, com.google.android.gms.internal.zzcgi) 0'>
        <annotation name='org.jetbrains.annotations.NotNull'/>
        <annotation name='org.jetbrains.kannotator.runtime.annotations.Propagated'>
            <val name="value" val="{org.jetbrains.kannotator.controlFlow.builder.analysis.NullabilityKey.class}"/>
        </annotation>
    </item>
    <item name='com.google.android.gms.internal.zzcim com.google.android.gms.internal.zzcgo zzaws()'>
        <annotation name='org.jetbrains.annotations.NotNull'/>
    </item>
    <item name='com.google.android.gms.internal.zzcgd com.google.android.gms.internal.zzcgo zzaws()'>
        <annotation name='org.jetbrains.annotations.NotNull'/>
    </item>
    <item name='com.google.android.gms.internal.zzcme com.google.android.gms.internal.zzfjs zza(com.google.android.gms.internal.zzfjj)'>
        <annotation name='org.jetbrains.annotations.NotNull'/>
    </item>
    <item name='com.google.android.gms.internal.zzcir void zza(com.google.android.gms.internal.zzcln, com.google.android.gms.internal.zzcgi) 0'>
        <annotation name='org.jetbrains.annotations.NotNull'/>
    </item>
    <item name='com.google.android.gms.internal.zzchm com.google.android.gms.internal.zzcho zzazh()'>
        <annotation name='org.jetbrains.annotations.NotNull'/>
    </item>
</root>
