<root>
    <item name='com.google.android.gms.internal.zzfes java.util.Iterator iterator()'>
        <annotation name='org.jetbrains.annotations.NotNull'/>
    </item>
    <item name='com.google.android.gms.internal.zzm com.google.android.gms.internal.zzp zzc(com.google.android.gms.internal.zzr&lt;?&gt;) 0'>
        <annotation name='org.jetbrains.annotations.NotNull'/>
        <annotation name='org.jetbrains.kannotator.runtime.annotations.Propagated'>
            <val name="value" val="{org.jetbrains.kannotator.controlFlow.builder.analysis.NullabilityKey.class}"/>
        </annotation>
    </item>
    <item name='com.google.android.gms.internal.zzbfn void zzaf(android.os.Parcel, int) 0'>
        <annotation name='org.jetbrains.annotations.NotNull'/>
    </item>
    <item name='com.google.android.gms.internal.zzfjv EMPTY_STRING_ARRAY'>
        <annotation name='org.jetbrains.annotations.NotNull'/>
    </item>
    <item name='com.google.android.gms.internal.zzbgg zzbgg(java.lang.String, java.lang.String...) 1'>
        <annotation name='org.jetbrains.annotations.NotNull'/>
    </item>
    <item name='com.google.android.gms.internal.zzffu.zzf com.google.android.gms.internal.zzfio zza(com.google.android.gms.internal.zzfio, com.google.android.gms.internal.zzfio) 0'>
        <annotation name='org.jetbrains.annotations.NotNull'/>
        <annotation name='org.jetbrains.kannotator.runtime.annotations.Propagated'>
            <val name="value" val="{org.jetbrains.kannotator.controlFlow.builder.analysis.NullabilityKey.class}"/>
        </annotation>
    </item>
    <item name='com.google.android.gms.internal.zzffg void zze(int, com.google.android.gms.internal.zzfhe) 1'>
        <annotation name='org.jetbrains.annotations.NotNull'/>
    </item>
    <item name='com.google.android.gms.internal.zzffu.zzf com.google.android.gms.internal.zzfgd&lt;T&gt; zza(com.google.android.gms.internal.zzfgd&lt;T&gt;, com.google.android.gms.internal.zzfgd&lt;T&gt;) 0'>
        <annotation name='org.jetbrains.annotations.NotNull'/>
    </item>
    <item name='com.google.android.gms.internal.zzfjv zzpnt'>
        <annotation name='org.jetbrains.annotations.NotNull'/>
    </item>
    <item name='com.google.android.gms.internal.zzfes com.google.android.gms.internal.zzfes zzf(java.lang.Iterable&lt;com.google.android.gms.internal.zzfes&gt;) 0'>
        <annotation name='org.jetbrains.annotations.NotNull'/>
    </item>
    <item name='com.google.android.gms.internal.zzfjd zzpmn'>
        <annotation name='org.jetbrains.annotations.NotNull'/>
    </item>
    <item name='com.google.android.gms.internal.zzfjs byte[] zzc(com.google.android.gms.internal.zzfjs)'>
        <annotation name='org.jetbrains.annotations.NotNull'/>
    </item>
    <item name='com.google.android.gms.internal.zzfjk int zzd(int, byte[]) 1'>
        <annotation name='org.jetbrains.annotations.NotNull'/>
    </item>
    <item name='com.google.android.gms.internal.zzfel BuilderType zza(MessageType)'>
        <annotation name='org.jetbrains.annotations.NotNull'/>
        <annotation name='org.jetbrains.kannotator.runtime.annotations.Propagated'>
            <val name="value" val="{org.jetbrains.kannotator.controlFlow.builder.analysis.NullabilityKey.class}"/>
        </annotation>
    </item>
    <item name='com.google.android.gms.internal.zzbfn void zza(android.os.Parcel, int, java.util.List, java.lang.ClassLoader) 0'>
        <annotation name='org.jetbrains.annotations.NotNull'/>
    </item>
    <item name='com.google.android.gms.internal.zzffu.zzh com.google.android.gms.internal.zzfgc zza(com.google.android.gms.internal.zzfgc, com.google.android.gms.internal.zzfgc)'>
        <annotation name='org.jetbrains.annotations.NotNull'/>
        <annotation name='org.jetbrains.kannotator.runtime.annotations.Propagated'>
            <val name="value" val="{org.jetbrains.kannotator.controlFlow.builder.analysis.NullabilityKey.class}"/>
        </annotation>
    </item>
    <item name='com.google.android.gms.internal.zzfjn void zza(java.lang.Object, com.google.android.gms.internal.zzfjk) 1'>
        <annotation name='org.jetbrains.annotations.NotNull'/>
    </item>
    <item name='com.google.android.gms.internal.zzfjs T zza(T, byte[])'>
        <annotation name='org.jetbrains.annotations.NotNull'/>
    </item>
    <item name='com.google.android.gms.internal.zzfes zzpfg'>
        <annotation name='org.jetbrains.annotations.NotNull'/>
    </item>
    <item name='com.google.android.gms.internal.zzbfn void zzb(android.os.Parcel, int) 0'>
        <annotation name='org.jetbrains.annotations.NotNull'/>
    </item>
    <item name='com.google.android.gms.internal.zzbfo zzbfo(java.lang.String, android.os.Parcel) 1'>
        <annotation name='org.jetbrains.annotations.NotNull'/>
    </item>
    <item name='com.google.android.gms.internal.zzal void zza(java.lang.String, com.google.android.gms.internal.zzc) 0'>
        <annotation name='org.jetbrains.annotations.NotNull'/>
    </item>
    <item name='com.google.android.gms.internal.zzbfn java.util.ArrayList&lt;java.lang.String&gt; zzac(android.os.Parcel, int) 0'>
        <annotation name='org.jetbrains.annotations.NotNull'/>
    </item>
    <item name='com.google.android.gms.internal.zzfiy zzplz'>
        <annotation name='org.jetbrains.annotations.NotNull'/>
    </item>
    <item name='com.google.android.gms.internal.zzfjj void zza(com.google.android.gms.internal.zzfjs) 0'>
        <annotation name='org.jetbrains.annotations.NotNull'/>
    </item>
    <item name='com.google.android.gms.internal.zzar com.google.android.gms.internal.zzap zza(com.google.android.gms.internal.zzr&lt;?&gt;, java.util.Map&lt;java.lang.String,java.lang.String&gt;) 0'>
        <annotation name='org.jetbrains.annotations.NotNull'/>
    </item>
    <item name='com.google.android.gms.internal.zzffu.zzf com.google.android.gms.internal.zzfgd&lt;T&gt; zza(com.google.android.gms.internal.zzfgd&lt;T&gt;, com.google.android.gms.internal.zzfgd&lt;T&gt;) 1'>
        <annotation name='org.jetbrains.annotations.NotNull'/>
    </item>
    <item name='com.google.android.gms.internal.zzbfr void zza(T, android.content.Intent, java.lang.String) 1'>
        <annotation name='org.jetbrains.annotations.NotNull'/>
    </item>
    <item name='com.google.android.gms.internal.zzfjd zzpmm'>
        <annotation name='org.jetbrains.annotations.NotNull'/>
    </item>
    <item name='com.google.android.gms.internal.zzffg int zza(int, com.google.android.gms.internal.zzfgk) 1'>
        <annotation name='org.jetbrains.annotations.NotNull'/>
    </item>
    <item name='com.google.android.gms.internal.zzfjv zzpnu'>
        <annotation name='org.jetbrains.annotations.NotNull'/>
    </item>
    <item name='com.google.android.gms.internal.zzffg com.google.android.gms.internal.zzffg zzh(byte[], int, int)'>
        <annotation name='org.jetbrains.annotations.NotNull'/>
    </item>
    <item name='com.google.android.gms.internal.zzfjj void zza(com.google.android.gms.internal.zzfjs, int) 0'>
        <annotation name='org.jetbrains.annotations.NotNull'/>
    </item>
    <item name='com.google.android.gms.internal.zzbey com.google.android.gms.internal.zzbey&lt;java.lang.Float&gt; zza(java.lang.String, java.lang.Float)'>
        <annotation name='org.jetbrains.annotations.NotNull'/>
    </item>
    <item name='com.google.android.gms.internal.zzbfp void zza(android.os.Parcel, int, float) 0'>
        <annotation name='org.jetbrains.annotations.NotNull'/>
    </item>
    <item name='com.google.android.gms.internal.zzfjk com.google.android.gms.internal.zzfjk zzbf(byte[]) 0'>
        <annotation name='org.jetbrains.annotations.NotNull'/>
    </item>
    <item name='com.google.android.gms.internal.zzfes com.google.android.gms.internal.zzfes zzaz(byte[])'>
        <annotation name='org.jetbrains.annotations.NotNull'/>
    </item>
    <item name='com.google.android.gms.internal.zzffu com.google.android.gms.internal.zzfgc zzcxn()'>
        <annotation name='org.jetbrains.annotations.NotNull'/>
    </item>
    <item name='com.google.android.gms.internal.zzfgy V put(K, V) 0'>
        <annotation name='org.jetbrains.annotations.NotNull'/>
    </item>
    <item name='com.google.android.gms.internal.zzfjn void zza(java.lang.Object, com.google.android.gms.internal.zzfjk) 0'>
        <annotation name='org.jetbrains.annotations.NotNull'/>
    </item>
    <item name='com.google.android.gms.internal.zzbfn boolean[] zzv(android.os.Parcel, int) 0'>
        <annotation name='org.jetbrains.annotations.NotNull'/>
    </item>
    <item name='com.google.android.gms.internal.zzew java.util.ArrayList zzb(android.os.Parcel) 0'>
        <annotation name='org.jetbrains.annotations.NotNull'/>
    </item>
    <item name='com.google.android.gms.internal.zzfiy zzply'>
        <annotation name='org.jetbrains.annotations.NotNull'/>
    </item>
    <item name='com.google.android.gms.internal.zzw com.google.android.gms.internal.zzw&lt;T&gt; zzc(com.google.android.gms.internal.zzad)'>
        <annotation name='org.jetbrains.annotations.NotNull'/>
    </item>
    <item name='com.google.android.gms.internal.zzbey com.google.android.gms.internal.zzbey&lt;java.lang.Boolean&gt; zze(java.lang.String, boolean)'>
        <annotation name='org.jetbrains.annotations.NotNull'/>
    </item>
    <item name='com.google.android.gms.internal.zzffg int zztt(java.lang.String) 0'>
        <annotation name='org.jetbrains.annotations.NotNull'/>
    </item>
    <item name='com.google.android.gms.internal.zzfgv void zza(com.google.android.gms.internal.zzfgy&lt;K,V&gt;, com.google.android.gms.internal.zzffb, com.google.android.gms.internal.zzffm) 1'>
        <annotation name='org.jetbrains.annotations.NotNull'/>
    </item>
    <item name='com.google.android.gms.internal.zzal void zza(java.lang.String, com.google.android.gms.internal.zzc) 1'>
        <annotation name='org.jetbrains.annotations.NotNull'/>
    </item>
    <item name='com.google.android.gms.internal.zzfhg com.google.android.gms.internal.zzfhe zzcxq()'>
        <annotation name='org.jetbrains.annotations.NotNull'/>
        <annotation name='org.jetbrains.kannotator.runtime.annotations.Propagated'>
            <val name="value" val="{org.jetbrains.kannotator.controlFlow.builder.analysis.NullabilityKey.class}"/>
        </annotation>
    </item>
    <item name='com.google.android.gms.internal.zzbfp void zza(android.os.Parcel, int, boolean) 0'>
        <annotation name='org.jetbrains.annotations.NotNull'/>
    </item>
    <item name='com.google.android.gms.internal.zzffu.zzh java.lang.Object zzb(boolean, java.lang.Object, java.lang.Object)'>
        <annotation name='org.jetbrains.annotations.NotNull'/>
        <annotation name='org.jetbrains.kannotator.runtime.annotations.Propagated'>
            <val name="value" val="{org.jetbrains.kannotator.controlFlow.builder.analysis.NullabilityKey.class}"/>
        </annotation>
    </item>
    <item name='com.google.android.gms.internal.zzdmy T checkNotNull(T) 0'>
        <annotation name='org.jetbrains.annotations.NotNull'/>
    </item>
    <item name='com.google.android.gms.internal.zzfjj com.google.android.gms.internal.zzfjj zzbe(byte[]) 0'>
        <annotation name='org.jetbrains.annotations.NotNull'/>
    </item>
    <item name='com.google.android.gms.internal.zzfel com.google.android.gms.internal.zzfhf zzb(com.google.android.gms.internal.zzffb, com.google.android.gms.internal.zzffm)'>
        <annotation name='org.jetbrains.annotations.NotNull'/>
        <annotation name='org.jetbrains.kannotator.runtime.annotations.Propagated'>
            <val name="value" val="{org.jetbrains.kannotator.controlFlow.builder.analysis.NullabilityKey.class}"/>
        </annotation>
    </item>
    <item name='com.google.android.gms.internal.zzew boolean zza(android.os.Parcel) 0'>
        <annotation name='org.jetbrains.annotations.NotNull'/>
    </item>
    <item name='com.google.android.gms.internal.zzffu T zza(T, byte[])'>
        <annotation name='org.jetbrains.annotations.NotNull'/>
    </item>
    <item name='com.google.android.gms.internal.zzfjm boolean zza(com.google.android.gms.internal.zzfjj, int) 0'>
        <annotation name='org.jetbrains.annotations.NotNull'/>
    </item>
    <item name='com.google.android.gms.internal.zzffu.zza com.google.android.gms.internal.zzfel zza(com.google.android.gms.internal.zzfek) 0'>
        <annotation name='org.jetbrains.annotations.NotNull'/>
    </item>
    <item name='com.google.android.gms.internal.zzffu.zzh com.google.android.gms.internal.zzfio zza(com.google.android.gms.internal.zzfio, com.google.android.gms.internal.zzfio) 0'>
        <annotation name='org.jetbrains.annotations.NotNull'/>
        <annotation name='org.jetbrains.kannotator.runtime.annotations.Propagated'>
            <val name="value" val="{org.jetbrains.kannotator.controlFlow.builder.analysis.NullabilityKey.class}"/>
        </annotation>
    </item>
    <item name='com.google.android.gms.internal.zzfjv zzpnv'>
        <annotation name='org.jetbrains.annotations.NotNull'/>
    </item>
    <item name='com.google.android.gms.internal.zzffg void zzts(java.lang.String) 0'>
        <annotation name='org.jetbrains.annotations.NotNull'/>
        <annotation name='org.jetbrains.kannotator.runtime.annotations.Propagated'>
            <val name="value" val="{org.jetbrains.kannotator.controlFlow.builder.analysis.NullabilityKey.class}"/>
        </annotation>
    </item>
    <item name='com.google.android.gms.internal.zzfjd zzpml'>
        <annotation name='org.jetbrains.annotations.NotNull'/>
    </item>
    <item name='com.google.android.gms.internal.zzfjv int zzb(com.google.android.gms.internal.zzfjj, int) 0'>
        <annotation name='org.jetbrains.annotations.NotNull'/>
    </item>
    <item name='com.google.android.gms.internal.zzfge com.google.android.gms.internal.zzfge zzi(com.google.android.gms.internal.zzfhe)'>
        <annotation name='org.jetbrains.annotations.NotNull'/>
    </item>
    <item name='com.google.android.gms.internal.zzffb T zza(T, com.google.android.gms.internal.zzffm)'>
        <annotation name='org.jetbrains.annotations.NotNull'/>
        <annotation name='org.jetbrains.kannotator.runtime.annotations.Propagated'>
            <val name="value" val="{org.jetbrains.kannotator.controlFlow.builder.analysis.NullabilityKey.class}"/>
        </annotation>
    </item>
    <item name='com.google.android.gms.internal.zzffu T zza(T, com.google.android.gms.internal.zzfes) 0'>
        <annotation name='org.jetbrains.annotations.NotNull'/>
    </item>
    <item name='com.google.android.gms.internal.zzffu.zzh com.google.android.gms.internal.zzfgd&lt;T&gt; zza(com.google.android.gms.internal.zzfgd&lt;T&gt;, com.google.android.gms.internal.zzfgd&lt;T&gt;) 0'>
        <annotation name='org.jetbrains.annotations.NotNull'/>
        <annotation name='org.jetbrains.kannotator.runtime.annotations.Propagated'>
            <val name="value" val="{org.jetbrains.kannotator.controlFlow.builder.analysis.NullabilityKey.class}"/>
        </annotation>
    </item>
    <item name='com.google.android.gms.internal.zzffu.zzh com.google.android.gms.internal.zzfgd&lt;T&gt; zza(com.google.android.gms.internal.zzfgd&lt;T&gt;, com.google.android.gms.internal.zzfgd&lt;T&gt;)'>
        <annotation name='org.jetbrains.annotations.NotNull'/>
        <annotation name='org.jetbrains.kannotator.runtime.annotations.Propagated'>
            <val name="value" val="{org.jetbrains.kannotator.controlFlow.builder.analysis.NullabilityKey.class}"/>
        </annotation>
    </item>
    <item name='com.google.android.gms.internal.zzbfn long zzi(android.os.Parcel, int) 0'>
        <annotation name='org.jetbrains.annotations.NotNull'/>
    </item>
    <item name='com.google.android.gms.internal.zzbfr java.util.ArrayList&lt;T&gt; zzb(android.content.Intent, java.lang.String, android.os.Parcelable.Creator&lt;T&gt;) 0'>
        <annotation name='org.jetbrains.annotations.NotNull'/>
    </item>
    <item name='com.google.android.gms.internal.zzffg int zzg(com.google.android.gms.internal.zzfhe) 0'>
        <annotation name='org.jetbrains.annotations.NotNull'/>
    </item>
    <item name='com.google.android.gms.internal.zzfjj byte[] zzal(int, int)'>
        <annotation name='org.jetbrains.annotations.NotNull'/>
    </item>
    <item name='com.google.android.gms.internal.zzffu.zzh java.lang.String zza(boolean, java.lang.String, boolean, java.lang.String)'>
        <annotation name='org.jetbrains.annotations.NotNull'/>
        <annotation name='org.jetbrains.kannotator.runtime.annotations.Propagated'>
            <val name="value" val="{org.jetbrains.kannotator.controlFlow.builder.analysis.NullabilityKey.class}"/>
        </annotation>
    </item>
    <item name='com.google.android.gms.internal.zzao java.lang.String zzb(java.util.Map&lt;java.lang.String,java.lang.String&gt;) 0'>
        <annotation name='org.jetbrains.annotations.NotNull'/>
    </item>
    <item name='com.google.android.gms.internal.zzbfn byte[] zzt(android.os.Parcel, int) 0'>
        <annotation name='org.jetbrains.annotations.NotNull'/>
    </item>
    <item name='com.google.android.gms.internal.zzbfp void zza(android.os.Parcel, int, byte) 0'>
        <annotation name='org.jetbrains.annotations.NotNull'/>
    </item>
    <item name='com.google.android.gms.internal.zzeu android.os.Parcel zza(int, android.os.Parcel) 1'>
        <annotation name='org.jetbrains.annotations.NotNull'/>
    </item>
    <item name='com.google.android.gms.internal.zzffg void zzay(com.google.android.gms.internal.zzfes) 0'>
        <annotation name='org.jetbrains.annotations.NotNull'/>
        <annotation name='org.jetbrains.kannotator.runtime.annotations.Propagated'>
            <val name="value" val="{org.jetbrains.kannotator.controlFlow.builder.analysis.NullabilityKey.class}"/>
        </annotation>
    </item>
    <item name='com.google.android.gms.internal.zzfgv void zza(com.google.android.gms.internal.zzfgy&lt;K,V&gt;, com.google.android.gms.internal.zzffb, com.google.android.gms.internal.zzffm) 0'>
        <annotation name='org.jetbrains.annotations.NotNull'/>
    </item>
    <item name='com.google.android.gms.internal.zzfjq void zza(com.google.android.gms.internal.zzfjm, com.google.android.gms.internal.zzfjm) 0'>
        <annotation name='org.jetbrains.annotations.NotNull'/>
    </item>
    <item name='com.google.android.gms.internal.zzah org.apache.http.HttpResponse zzb(com.google.android.gms.internal.zzr&lt;?&gt;, java.util.Map&lt;java.lang.String,java.lang.String&gt;)'>
        <annotation name='org.jetbrains.annotations.NotNull'/>
    </item>
    <item name='com.google.android.gms.internal.zzfiy zzplx'>
        <annotation name='org.jetbrains.annotations.NotNull'/>
    </item>
    <item name='com.google.android.gms.internal.zzeu void zzb(int, android.os.Parcel) 1'>
        <annotation name='org.jetbrains.annotations.NotNull'/>
    </item>
    <item name='com.google.android.gms.internal.zzffu T zza(T, com.google.android.gms.internal.zzfes)'>
        <annotation name='org.jetbrains.annotations.NotNull'/>
    </item>
    <item name='com.google.android.gms.internal.zzffb java.lang.String readString()'>
        <annotation name='org.jetbrains.annotations.NotNull'/>
        <annotation name='org.jetbrains.kannotator.runtime.annotations.Propagated'>
            <val name="value" val="{org.jetbrains.kannotator.controlFlow.builder.analysis.NullabilityKey.class}"/>
        </annotation>
    </item>
    <item name='com.google.android.gms.internal.zzffu.zzf com.google.android.gms.internal.zzfes zza(boolean, com.google.android.gms.internal.zzfes, boolean, com.google.android.gms.internal.zzfes) 1'>
        <annotation name='org.jetbrains.annotations.NotNull'/>
        <annotation name='org.jetbrains.kannotator.runtime.annotations.Propagated'>
            <val name="value" val="{org.jetbrains.kannotator.controlFlow.builder.analysis.NullabilityKey.class}"/>
        </annotation>
    </item>
    <item name='com.google.android.gms.internal.zzaj byte[] zzb(int)'>
        <annotation name='org.jetbrains.annotations.NotNull'/>
    </item>
    <item name='com.google.android.gms.internal.zzfjo java.lang.Object clone()'>
        <annotation name='org.jetbrains.annotations.NotNull'/>
    </item>
    <item name='com.google.android.gms.internal.zzbfn T zza(android.os.Parcel, int, android.os.Parcelable.Creator&lt;T&gt;) 0'>
        <annotation name='org.jetbrains.annotations.NotNull'/>
    </item>
    <item name='com.google.android.gms.internal.zzffu.zzh com.google.android.gms.internal.zzfio zza(com.google.android.gms.internal.zzfio, com.google.android.gms.internal.zzfio)'>
        <annotation name='org.jetbrains.annotations.NotNull'/>
        <annotation name='org.jetbrains.kannotator.runtime.annotations.Propagated'>
            <val name="value" val="{org.jetbrains.kannotator.controlFlow.builder.analysis.NullabilityKey.class}"/>
        </annotation>
    </item>
    <item name='com.google.android.gms.internal.zzfhe com.google.android.gms.internal.zzfhf zzcxp()'>
        <annotation name='org.jetbrains.annotations.NotNull'/>
        <annotation name='org.jetbrains.kannotator.runtime.annotations.Propagated'>
            <val name="value" val="{org.jetbrains.kannotator.controlFlow.builder.analysis.NullabilityKey.class}"/>
        </annotation>
    </item>
    <item name='com.google.android.gms.internal.zzao com.google.android.gms.internal.zzc zzb(com.google.android.gms.internal.zzp) 0'>
        <annotation name='org.jetbrains.annotations.NotNull'/>
    </item>
    <item name='com.google.android.gms.internal.zzffu com.google.android.gms.internal.zzfhf zzcxp()'>
        <annotation name='org.jetbrains.annotations.NotNull'/>
    </item>
    <item name='com.google.android.gms.internal.zzfiy zzplw'>
        <annotation name='org.jetbrains.annotations.NotNull'/>
    </item>
    <item name='com.google.android.gms.internal.zzeu android.os.Parcel zza(int, android.os.Parcel)'>
        <annotation name='org.jetbrains.annotations.NotNull'/>
    </item>
    <item name='com.google.android.gms.internal.zzfjd zzpmk'>
        <annotation name='org.jetbrains.annotations.NotNull'/>
    </item>
    <item name='com.google.android.gms.internal.zzbgg zzbgg(java.lang.String, java.lang.String...) 0'>
        <annotation name='org.jetbrains.annotations.NotNull'/>
    </item>
    <item name='com.google.android.gms.internal.zzffu.zzf java.lang.Object zzc(boolean, java.lang.Object, java.lang.Object) 1'>
        <annotation name='org.jetbrains.annotations.NotNull'/>
        <annotation name='org.jetbrains.kannotator.runtime.annotations.Propagated'>
            <val name="value" val="{org.jetbrains.kannotator.controlFlow.builder.analysis.NullabilityKey.class}"/>
        </annotation>
    </item>
    <item name='com.google.android.gms.internal.zzfes com.google.android.gms.internal.zzffb zzcvm()'>
        <annotation name='org.jetbrains.annotations.NotNull'/>
        <annotation name='org.jetbrains.kannotator.runtime.annotations.Propagated'>
            <val name="value" val="{org.jetbrains.kannotator.controlFlow.builder.analysis.NullabilityKey.class}"/>
        </annotation>
    </item>
    <item name='com.google.android.gms.internal.zzffb com.google.android.gms.internal.zzfes zzcwb()'>
        <annotation name='org.jetbrains.annotations.NotNull'/>
        <annotation name='org.jetbrains.kannotator.runtime.annotations.Propagated'>
            <val name="value" val="{org.jetbrains.kannotator.controlFlow.builder.analysis.NullabilityKey.class}"/>
        </annotation>
    </item>
    <item name='com.google.android.gms.internal.zzv com.google.android.gms.internal.zzr&lt;T&gt; zze(com.google.android.gms.internal.zzr&lt;T&gt;) 0'>
        <annotation name='org.jetbrains.annotations.NotNull'/>
    </item>
    <item name='com.google.android.gms.internal.zzv com.google.android.gms.internal.zzr&lt;T&gt; zze(com.google.android.gms.internal.zzr&lt;T&gt;)'>
        <annotation name='org.jetbrains.annotations.NotNull'/>
    </item>
    <item name='com.google.android.gms.internal.zzbfn java.util.ArrayList&lt;java.lang.Integer&gt; zzab(android.os.Parcel, int) 0'>
        <annotation name='org.jetbrains.annotations.NotNull'/>
    </item>
    <item name='com.google.android.gms.internal.zzffu.zzh com.google.android.gms.internal.zzfes zza(boolean, com.google.android.gms.internal.zzfes, boolean, com.google.android.gms.internal.zzfes) 1'>
        <annotation name='org.jetbrains.annotations.NotNull'/>
        <annotation name='org.jetbrains.kannotator.runtime.annotations.Propagated'>
            <val name="value" val="{org.jetbrains.kannotator.controlFlow.builder.analysis.NullabilityKey.class}"/>
        </annotation>
    </item>
    <item name='com.google.android.gms.internal.zzbfn java.math.BigDecimal[] zzz(android.os.Parcel, int) 0'>
        <annotation name='org.jetbrains.annotations.NotNull'/>
    </item>
    <item name='com.google.android.gms.internal.zzfjk int zzo(int, java.lang.String) 1'>
        <annotation name='org.jetbrains.annotations.NotNull'/>
    </item>
    <item name='com.google.android.gms.internal.zzffu.zzf java.lang.String zza(boolean, java.lang.String, boolean, java.lang.String) 1'>
        <annotation name='org.jetbrains.annotations.NotNull'/>
        <annotation name='org.jetbrains.kannotator.runtime.annotations.Propagated'>
            <val name="value" val="{org.jetbrains.kannotator.controlFlow.builder.analysis.NullabilityKey.class}"/>
        </annotation>
    </item>
    <item name='com.google.android.gms.internal.zzffu.zzh java.lang.Object zzc(boolean, java.lang.Object, java.lang.Object) 1'>
        <annotation name='org.jetbrains.annotations.NotNull'/>
        <annotation name='org.jetbrains.kannotator.runtime.annotations.Propagated'>
            <val name="value" val="{org.jetbrains.kannotator.controlFlow.builder.analysis.NullabilityKey.class}"/>
        </annotation>
    </item>
    <item name='com.google.android.gms.internal.zzfkg com.google.android.gms.internal.zzfkg zzdap()'>
        <annotation name='org.jetbrains.annotations.NotNull'/>
    </item>
    <item name='com.google.android.gms.internal.zzfjk void zzb(com.google.android.gms.internal.zzfjs) 0'>
        <annotation name='org.jetbrains.annotations.NotNull'/>
    </item>
    <item name='com.google.android.gms.internal.zzar com.google.android.gms.internal.zzap zza(com.google.android.gms.internal.zzr&lt;?&gt;, java.util.Map&lt;java.lang.String,java.lang.String&gt;)'>
        <annotation name='org.jetbrains.annotations.NotNull'/>
    </item>
    <item name='com.google.android.gms.internal.zzbhb java.lang.Thread newThread(java.lang.Runnable)'>
        <annotation name='org.jetbrains.annotations.NotNull'/>
    </item>
    <item name='com.google.android.gms.internal.zzffu.zzf java.lang.Object zzf(boolean, java.lang.Object, java.lang.Object) 1'>
        <annotation name='org.jetbrains.annotations.NotNull'/>
        <annotation name='org.jetbrains.kannotator.runtime.annotations.Propagated'>
            <val name="value" val="{org.jetbrains.kannotator.controlFlow.builder.analysis.NullabilityKey.class}"/>
        </annotation>
    </item>
    <item name='com.google.android.gms.internal.zzfes byte[] toByteArray()'>
        <annotation name='org.jetbrains.annotations.NotNull'/>
    </item>
    <item name='com.google.android.gms.internal.zzfiy zzplv'>
        <annotation name='org.jetbrains.annotations.NotNull'/>
    </item>
    <item name='com.google.android.gms.internal.zzfkg void zza(com.google.android.gms.internal.zzffg) 0'>
        <annotation name='org.jetbrains.annotations.NotNull'/>
        <annotation name='org.jetbrains.kannotator.runtime.annotations.Propagated'>
            <val name="value" val="{org.jetbrains.kannotator.controlFlow.builder.analysis.NullabilityKey.class}"/>
        </annotation>
    </item>
    <item name='com.google.android.gms.internal.zzew void zza(android.os.Parcel, android.os.Parcelable) 0'>
        <annotation name='org.jetbrains.annotations.NotNull'/>
    </item>
    <item name='com.google.android.gms.internal.zzffg com.google.android.gms.internal.zzffg zzb(java.io.OutputStream, int)'>
        <annotation name='org.jetbrains.annotations.NotNull'/>
    </item>
    <item name='com.google.android.gms.internal.zzb void zza(java.lang.String, com.google.android.gms.internal.zzc) 0'>
        <annotation name='org.jetbrains.annotations.NotNull'/>
        <annotation name='org.jetbrains.kannotator.runtime.annotations.Propagated'>
            <val name="value" val="{org.jetbrains.kannotator.controlFlow.builder.analysis.NullabilityKey.class}"/>
        </annotation>
    </item>
    <item name='com.google.android.gms.internal.zzfhk MessageType zze(com.google.android.gms.internal.zzffb, com.google.android.gms.internal.zzffm)'>
        <annotation name='org.jetbrains.annotations.NotNull'/>
        <annotation name='org.jetbrains.kannotator.runtime.annotations.Propagated'>
            <val name="value" val="{org.jetbrains.kannotator.controlFlow.builder.analysis.NullabilityKey.class}"/>
        </annotation>
    </item>
    <item name='com.google.android.gms.internal.zzb void zza(java.lang.String, com.google.android.gms.internal.zzc) 1'>
        <annotation name='org.jetbrains.annotations.NotNull'/>
        <annotation name='org.jetbrains.kannotator.runtime.annotations.Propagated'>
            <val name="value" val="{org.jetbrains.kannotator.controlFlow.builder.analysis.NullabilityKey.class}"/>
        </annotation>
    </item>
    <item name='com.google.android.gms.internal.zzbey com.google.android.gms.internal.zzbey&lt;java.lang.Integer&gt; zza(java.lang.String, java.lang.Integer)'>
        <annotation name='org.jetbrains.annotations.NotNull'/>
    </item>
    <item name='com.google.android.gms.internal.zzfel java.lang.Object clone()'>
        <annotation name='org.jetbrains.annotations.NotNull'/>
        <annotation name='org.jetbrains.kannotator.runtime.annotations.Propagated'>
            <val name="value" val="{org.jetbrains.kannotator.controlFlow.builder.analysis.NullabilityKey.class}"/>
        </annotation>
    </item>
    <item name='com.google.android.gms.internal.zzfiy zzpmg'>
        <annotation name='org.jetbrains.annotations.NotNull'/>
    </item>
    <item name='com.google.android.gms.internal.zzffu.zzh java.lang.Object zza(boolean, java.lang.Object, java.lang.Object) 1'>
        <annotation name='org.jetbrains.annotations.NotNull'/>
        <annotation name='org.jetbrains.kannotator.runtime.annotations.Propagated'>
            <val name="value" val="{org.jetbrains.kannotator.controlFlow.builder.analysis.NullabilityKey.class}"/>
        </annotation>
    </item>
    <item name='com.google.android.gms.internal.zzffg int zzbd(byte[]) 0'>
        <annotation name='org.jetbrains.annotations.NotNull'/>
    </item>
    <item name='com.google.android.gms.internal.zzr com.google.android.gms.internal.zzr&lt;?&gt; zza(com.google.android.gms.internal.zzv)'>
        <annotation name='org.jetbrains.annotations.NotNull'/>
    </item>
    <item name='com.google.android.gms.internal.zzfgy com.google.android.gms.internal.zzfgy&lt;K,V&gt; zzcyq()'>
        <annotation name='org.jetbrains.annotations.NotNull'/>
    </item>
    <item name='com.google.android.gms.internal.zzffu.zza com.google.android.gms.internal.zzfel zza(com.google.android.gms.internal.zzfek)'>
        <annotation name='org.jetbrains.annotations.NotNull'/>
    </item>
    <item name='com.google.android.gms.internal.zzau com.google.android.gms.internal.zzw&lt;java.lang.String&gt; zza(com.google.android.gms.internal.zzp) 0'>
        <annotation name='org.jetbrains.annotations.NotNull'/>
    </item>
    <item name='com.google.android.gms.internal.zzfek void zza(java.lang.Iterable&lt;T&gt;, java.util.List&lt;? super T&gt;) 0'>
        <annotation name='org.jetbrains.annotations.NotNull'/>
    </item>
    <item name='com.google.android.gms.internal.zzfiy zzplu'>
        <annotation name='org.jetbrains.annotations.NotNull'/>
    </item>
    <item name='com.google.android.gms.internal.zzai com.google.android.gms.internal.zzp zzc(com.google.android.gms.internal.zzr&lt;?&gt;)'>
        <annotation name='org.jetbrains.annotations.NotNull'/>
    </item>
    <item name='com.google.android.gms.internal.zzbfp void zzc(android.os.Parcel, int, int) 0'>
        <annotation name='org.jetbrains.annotations.NotNull'/>
    </item>
    <item name='com.google.android.gms.internal.zzffu.zzh com.google.android.gms.internal.zzfgy&lt;K,V&gt; zza(com.google.android.gms.internal.zzfgy&lt;K,V&gt;, com.google.android.gms.internal.zzfgy&lt;K,V&gt;) 1'>
        <annotation name='org.jetbrains.annotations.NotNull'/>
        <annotation name='org.jetbrains.kannotator.runtime.annotations.Propagated'>
            <val name="value" val="{org.jetbrains.kannotator.controlFlow.builder.analysis.NullabilityKey.class}"/>
        </annotation>
    </item>
    <item name='com.google.android.gms.internal.zzffu.zzh java.lang.Object zzc(boolean, java.lang.Object, java.lang.Object)'>
        <annotation name='org.jetbrains.annotations.NotNull'/>
        <annotation name='org.jetbrains.kannotator.runtime.annotations.Propagated'>
            <val name="value" val="{org.jetbrains.kannotator.controlFlow.builder.analysis.NullabilityKey.class}"/>
        </annotation>
    </item>
    <item name='com.google.android.gms.internal.zzew java.util.HashMap zzc(android.os.Parcel) 0'>
        <annotation name='org.jetbrains.annotations.NotNull'/>
    </item>
    <item name='com.google.android.gms.internal.zzffu T zza(T, com.google.android.gms.internal.zzfes) 1'>
        <annotation name='org.jetbrains.annotations.NotNull'/>
    </item>
    <item name='com.google.android.gms.internal.zzfhe com.google.android.gms.internal.zzfes toByteString()'>
        <annotation name='org.jetbrains.annotations.NotNull'/>
        <annotation name='org.jetbrains.kannotator.runtime.annotations.Propagated'>
            <val name="value" val="{org.jetbrains.kannotator.controlFlow.builder.analysis.NullabilityKey.class}"/>
        </annotation>
    </item>
    <item name='com.google.android.gms.internal.zzffu.zzh com.google.android.gms.internal.zzfgd&lt;T&gt; zza(com.google.android.gms.internal.zzfgd&lt;T&gt;, com.google.android.gms.internal.zzfgd&lt;T&gt;) 1'>
        <annotation name='org.jetbrains.annotations.NotNull'/>
        <annotation name='org.jetbrains.kannotator.runtime.annotations.Propagated'>
            <val name="value" val="{org.jetbrains.kannotator.controlFlow.builder.analysis.NullabilityKey.class}"/>
        </annotation>
    </item>
    <item name='com.google.android.gms.internal.zzbfn float zzl(android.os.Parcel, int) 0'>
        <annotation name='org.jetbrains.annotations.NotNull'/>
    </item>
    <item name='com.google.android.gms.internal.zzfiy zzpmf'>
        <annotation name='org.jetbrains.annotations.NotNull'/>
    </item>
    <item name='com.google.android.gms.internal.zzfek com.google.android.gms.internal.zzfes toByteString()'>
        <annotation name='org.jetbrains.annotations.NotNull'/>
    </item>
    <item name='com.google.android.gms.internal.zzfgy com.google.android.gms.internal.zzfgy&lt;K,V&gt; zzcyp()'>
        <annotation name='org.jetbrains.annotations.NotNull'/>
    </item>
    <item name='com.google.android.gms.internal.zzfhf com.google.android.gms.internal.zzfhe zzcxv()'>
        <annotation name='org.jetbrains.annotations.NotNull'/>
        <annotation name='org.jetbrains.kannotator.runtime.annotations.Propagated'>
            <val name="value" val="{org.jetbrains.kannotator.controlFlow.builder.analysis.NullabilityKey.class}"/>
        </annotation>
    </item>
    <item name='com.google.android.gms.internal.zzffg int zzb(int, com.google.android.gms.internal.zzfgk) 1'>
        <annotation name='org.jetbrains.annotations.NotNull'/>
    </item>
    <item name='com.google.android.gms.internal.zzfjk com.google.android.gms.internal.zzfjk zzbf(byte[])'>
        <annotation name='org.jetbrains.annotations.NotNull'/>
    </item>
    <item name='com.google.android.gms.internal.zzffb T zza(T, com.google.android.gms.internal.zzffm) 0'>
        <annotation name='org.jetbrains.annotations.NotNull'/>
        <annotation name='org.jetbrains.kannotator.runtime.annotations.Propagated'>
            <val name="value" val="{org.jetbrains.kannotator.controlFlow.builder.analysis.NullabilityKey.class}"/>
        </annotation>
    </item>
    <item name='com.google.android.gms.internal.zzffz int hashCode(byte[]) 0'>
        <annotation name='org.jetbrains.annotations.NotNull'/>
    </item>
    <item name='com.google.android.gms.internal.zzfes com.google.android.gms.internal.zzfes zztr(java.lang.String)'>
        <annotation name='org.jetbrains.annotations.NotNull'/>
    </item>
    <item name='com.google.android.gms.internal.zzw com.google.android.gms.internal.zzw&lt;T&gt; zza(T, com.google.android.gms.internal.zzc)'>
        <annotation name='org.jetbrains.annotations.NotNull'/>
    </item>
    <item name='com.google.android.gms.internal.zzffu boolean zza(T, boolean) 0'>
        <annotation name='org.jetbrains.annotations.NotNull'/>
    </item>
    <item name='com.google.android.gms.internal.zzfgd com.google.android.gms.internal.zzfgd&lt;E&gt; zzly(int)'>
        <annotation name='org.jetbrains.annotations.NotNull'/>
        <annotation name='org.jetbrains.kannotator.runtime.annotations.Propagated'>
            <val name="value" val="{org.jetbrains.kannotator.controlFlow.builder.analysis.NullabilityKey.class}"/>
        </annotation>
    </item>
    <item name='com.google.android.gms.internal.zzfiy zzplt'>
        <annotation name='org.jetbrains.annotations.NotNull'/>
    </item>
    <item name='com.google.android.gms.internal.zzbfr void zza(T, android.content.Intent, java.lang.String) 0'>
        <annotation name='org.jetbrains.annotations.NotNull'/>
    </item>
    <item name='com.google.android.gms.internal.zzffu.zzh java.lang.Object zzf(boolean, java.lang.Object, java.lang.Object) 1'>
        <annotation name='org.jetbrains.annotations.NotNull'/>
        <annotation name='org.jetbrains.kannotator.runtime.annotations.Propagated'>
            <val name="value" val="{org.jetbrains.kannotator.controlFlow.builder.analysis.NullabilityKey.class}"/>
        </annotation>
    </item>
    <item name='com.google.android.gms.internal.zzffu.zzf zzphb'>
        <annotation name='org.jetbrains.annotations.NotNull'/>
    </item>
    <item name='com.google.android.gms.internal.zzffu.zzf java.lang.Object zzb(boolean, java.lang.Object, java.lang.Object) 1'>
        <annotation name='org.jetbrains.annotations.NotNull'/>
        <annotation name='org.jetbrains.kannotator.runtime.annotations.Propagated'>
            <val name="value" val="{org.jetbrains.kannotator.controlFlow.builder.analysis.NullabilityKey.class}"/>
        </annotation>
    </item>
    <item name='com.google.android.gms.internal.zzfgy V put(K, V) 1'>
        <annotation name='org.jetbrains.annotations.NotNull'/>
    </item>
    <item name='com.google.android.gms.internal.zzfiy zzpme'>
        <annotation name='org.jetbrains.annotations.NotNull'/>
    </item>
    <item name='com.google.android.gms.internal.zzfjk int zztt(java.lang.String) 0'>
        <annotation name='org.jetbrains.annotations.NotNull'/>
    </item>
    <item name='com.google.android.gms.internal.zzbhd boolean zzcz(android.content.Context) 0'>
        <annotation name='org.jetbrains.annotations.NotNull'/>
    </item>
    <item name='com.google.android.gms.internal.zzbfn double zzn(android.os.Parcel, int) 0'>
        <annotation name='org.jetbrains.annotations.NotNull'/>
    </item>
    <item name='com.google.android.gms.internal.zzffg void zze(com.google.android.gms.internal.zzfhe) 0'>
        <annotation name='org.jetbrains.annotations.NotNull'/>
        <annotation name='org.jetbrains.kannotator.runtime.annotations.Propagated'>
            <val name="value" val="{org.jetbrains.kannotator.controlFlow.builder.analysis.NullabilityKey.class}"/>
        </annotation>
    </item>
    <item name='com.google.android.gms.internal.zzffg com.google.android.gms.internal.zzffg zzbc(byte[])'>
        <annotation name='org.jetbrains.annotations.NotNull'/>
    </item>
    <item name='com.google.android.gms.internal.zzbfp int zze(android.os.Parcel) 0'>
        <annotation name='org.jetbrains.annotations.NotNull'/>
    </item>
    <item name='com.google.android.gms.internal.zzbfn android.os.Parcel[] zzae(android.os.Parcel, int) 0'>
        <annotation name='org.jetbrains.annotations.NotNull'/>
    </item>
    <item name='com.google.android.gms.internal.zzffu.zzh java.lang.Object zzd(boolean, java.lang.Object, java.lang.Object)'>
        <annotation name='org.jetbrains.annotations.NotNull'/>
        <annotation name='org.jetbrains.kannotator.runtime.annotations.Propagated'>
            <val name="value" val="{org.jetbrains.kannotator.controlFlow.builder.analysis.NullabilityKey.class}"/>
        </annotation>
    </item>
    <item name='com.google.android.gms.internal.zzfio com.google.android.gms.internal.zzfio zzczu()'>
        <annotation name='org.jetbrains.annotations.NotNull'/>
    </item>
    <item name='com.google.android.gms.internal.zzfiy zzpls'>
        <annotation name='org.jetbrains.annotations.NotNull'/>
    </item>
    <item name='com.google.android.gms.internal.zzfep void zza(com.google.android.gms.internal.zzffg) 0'>
        <annotation name='org.jetbrains.annotations.NotNull'/>
        <annotation name='org.jetbrains.kannotator.runtime.annotations.Propagated'>
            <val name="value" val="{org.jetbrains.kannotator.controlFlow.builder.analysis.NullabilityKey.class}"/>
        </annotation>
    </item>
    <item name='com.google.android.gms.internal.zzfim com.google.android.gms.internal.zzfge zzczt()'>
        <annotation name='org.jetbrains.annotations.NotNull'/>
    </item>
    <item name='com.google.android.gms.internal.zzbfn int zzd(android.os.Parcel) 0'>
        <annotation name='org.jetbrains.annotations.NotNull'/>
    </item>
    <item name='com.google.android.gms.internal.zzew void zza(android.os.Parcel, android.os.IInterface) 0'>
        <annotation name='org.jetbrains.annotations.NotNull'/>
    </item>
    <item name='com.google.android.gms.internal.zzfek void writeTo(java.io.OutputStream) 0'>
        <annotation name='org.jetbrains.annotations.NotNull'/>
    </item>
    <item name='com.google.android.gms.internal.zzffu.zzf com.google.android.gms.internal.zzfgc zza(com.google.android.gms.internal.zzfgc, com.google.android.gms.internal.zzfgc)'>
        <annotation name='org.jetbrains.annotations.NotNull'/>
    </item>
    <item name='com.google.android.gms.internal.zzfgy void zza(com.google.android.gms.internal.zzfgy&lt;K,V&gt;) 0'>
        <annotation name='org.jetbrains.annotations.NotNull'/>
    </item>
    <item name='com.google.android.gms.internal.zzffb com.google.android.gms.internal.zzffb zzbb(byte[]) 0'>
        <annotation name='org.jetbrains.annotations.NotNull'/>
    </item>
    <item name='com.google.android.gms.internal.zzffu.zza java.lang.Object clone()'>
        <annotation name='org.jetbrains.annotations.NotNull'/>
    </item>
    <item name='com.google.android.gms.internal.zzfiy zzpmd'>
        <annotation name='org.jetbrains.annotations.NotNull'/>
    </item>
    <item name='com.google.android.gms.internal.zzbfn java.math.BigInteger zzk(android.os.Parcel, int) 0'>
        <annotation name='org.jetbrains.annotations.NotNull'/>
    </item>
    <item name='com.google.android.gms.internal.zzbfp void zza(android.os.Parcel, int, short) 0'>
        <annotation name='org.jetbrains.annotations.NotNull'/>
    </item>
    <item name='com.google.android.gms.internal.zzew void zzb(android.os.Parcel, android.os.Parcelable) 0'>
        <annotation name='org.jetbrains.annotations.NotNull'/>
    </item>
    <item name='com.google.android.gms.internal.zzffb void zza(com.google.android.gms.internal.zzfhf, com.google.android.gms.internal.zzffm) 0'>
        <annotation name='org.jetbrains.annotations.NotNull'/>
        <annotation name='org.jetbrains.kannotator.runtime.annotations.Propagated'>
            <val name="value" val="{org.jetbrains.kannotator.controlFlow.builder.analysis.NullabilityKey.class}"/>
        </annotation>
    </item>
    <item name='com.google.android.gms.internal.zzaq org.apache.http.HttpResponse zzb(com.google.android.gms.internal.zzr&lt;?&gt;, java.util.Map&lt;java.lang.String,java.lang.String&gt;)'>
        <annotation name='org.jetbrains.annotations.NotNull'/>
        <annotation name='org.jetbrains.kannotator.runtime.annotations.Propagated'>
            <val name="value" val="{org.jetbrains.kannotator.controlFlow.builder.analysis.NullabilityKey.class}"/>
        </annotation>
    </item>
    <item name='com.google.android.gms.internal.zzfhe void writeTo(java.io.OutputStream) 0'>
        <annotation name='org.jetbrains.annotations.NotNull'/>
        <annotation name='org.jetbrains.kannotator.runtime.annotations.Propagated'>
            <val name="value" val="{org.jetbrains.kannotator.controlFlow.builder.analysis.NullabilityKey.class}"/>
        </annotation>
    </item>
    <item name='com.google.android.gms.internal.zzffu.zza com.google.android.gms.internal.zzfhf zzb(com.google.android.gms.internal.zzffb, com.google.android.gms.internal.zzffm)'>
        <annotation name='org.jetbrains.annotations.NotNull'/>
    </item>
    <item name='com.google.android.gms.internal.zzfgv int zzb(int, K, V) 2'>
        <annotation name='org.jetbrains.annotations.NotNull'/>
    </item>
    <item name='com.google.android.gms.internal.zzfiy zzplr'>
        <annotation name='org.jetbrains.annotations.NotNull'/>
    </item>
    <item name='com.google.android.gms.internal.zzffu.zzf com.google.android.gms.internal.zzfgy&lt;K,V&gt; zza(com.google.android.gms.internal.zzfgy&lt;K,V&gt;, com.google.android.gms.internal.zzfgy&lt;K,V&gt;) 0'>
        <annotation name='org.jetbrains.annotations.NotNull'/>
        <annotation name='org.jetbrains.kannotator.runtime.annotations.Propagated'>
            <val name="value" val="{org.jetbrains.kannotator.controlFlow.builder.analysis.NullabilityKey.class}"/>
        </annotation>
    </item>
    <item name='com.google.android.gms.internal.zzfjk void zzbh(byte[]) 0'>
        <annotation name='org.jetbrains.annotations.NotNull'/>
    </item>
    <item name='com.google.android.gms.internal.zzfjk void zzc(int, byte[]) 1'>
        <annotation name='org.jetbrains.annotations.NotNull'/>
    </item>
    <item name='com.google.android.gms.internal.zzbfn boolean zzc(android.os.Parcel, int) 0'>
        <annotation name='org.jetbrains.annotations.NotNull'/>
    </item>
    <item name='com.google.android.gms.internal.zzfes com.google.android.gms.internal.zzfes zztr(java.lang.String) 0'>
        <annotation name='org.jetbrains.annotations.NotNull'/>
    </item>
    <item name='com.google.android.gms.internal.zzffu.zzh java.lang.Object zzb(boolean, java.lang.Object, java.lang.Object) 1'>
        <annotation name='org.jetbrains.annotations.NotNull'/>
        <annotation name='org.jetbrains.kannotator.runtime.annotations.Propagated'>
            <val name="value" val="{org.jetbrains.kannotator.controlFlow.builder.analysis.NullabilityKey.class}"/>
        </annotation>
    </item>
    <item name='com.google.android.gms.internal.zzbfn java.util.ArrayList&lt;T&gt; zzc(android.os.Parcel, int, android.os.Parcelable.Creator&lt;T&gt;) 0'>
        <annotation name='org.jetbrains.annotations.NotNull'/>
    </item>
    <item name='com.google.android.gms.internal.zzbfq NULL'>
        <annotation name='org.jetbrains.annotations.NotNull'/>
    </item>
    <item name='com.google.android.gms.internal.zzr com.google.android.gms.internal.zzw&lt;T&gt; zza(com.google.android.gms.internal.zzp)'>
        <annotation name='org.jetbrains.annotations.NotNull'/>
        <annotation name='org.jetbrains.kannotator.runtime.annotations.Propagated'>
            <val name="value" val="{org.jetbrains.kannotator.controlFlow.builder.analysis.NullabilityKey.class}"/>
        </annotation>
    </item>
    <item name='com.google.android.gms.internal.zzbfn byte zze(android.os.Parcel, int) 0'>
        <annotation name='org.jetbrains.annotations.NotNull'/>
    </item>
    <item name='com.google.android.gms.internal.zzfiy zzpmc'>
        <annotation name='org.jetbrains.annotations.NotNull'/>
    </item>
    <item name='com.google.android.gms.internal.zzfes void zza(byte[], int, int, int) 0'>
        <annotation name='org.jetbrains.annotations.NotNull'/>
    </item>
    <item name='com.google.android.gms.internal.zzffg int zzd(int, com.google.android.gms.internal.zzfes) 1'>
        <annotation name='org.jetbrains.annotations.NotNull'/>
    </item>
    <item name='com.google.android.gms.internal.zzfgc com.google.android.gms.internal.zzfgc zzlu(int)'>
        <annotation name='org.jetbrains.annotations.NotNull'/>
        <annotation name='org.jetbrains.kannotator.runtime.annotations.Propagated'>
            <val name="value" val="{org.jetbrains.kannotator.controlFlow.builder.analysis.NullabilityKey.class}"/>
        </annotation>
    </item>
    <item name='com.google.android.gms.internal.zzi void zza(com.google.android.gms.internal.zzr&lt;?&gt;, com.google.android.gms.internal.zzad) 0'>
        <annotation name='org.jetbrains.annotations.NotNull'/>
    </item>
    <item name='com.google.android.gms.internal.zzfhe void zza(com.google.android.gms.internal.zzffg) 0'>
        <annotation name='org.jetbrains.annotations.NotNull'/>
        <annotation name='org.jetbrains.kannotator.runtime.annotations.Propagated'>
            <val name="value" val="{org.jetbrains.kannotator.controlFlow.builder.analysis.NullabilityKey.class}"/>
        </annotation>
    </item>
    <item name='com.google.android.gms.internal.zzfjk void zzn(int, java.lang.String) 1'>
        <annotation name='org.jetbrains.annotations.NotNull'/>
    </item>
    <item name='com.google.android.gms.internal.zzfjj com.google.android.gms.internal.zzfjj zzn(byte[], int, int)'>
        <annotation name='org.jetbrains.annotations.NotNull'/>
    </item>
    <item name='com.google.android.gms.internal.zzz void zza(com.google.android.gms.internal.zzr&lt;?&gt;, com.google.android.gms.internal.zzad) 0'>
        <annotation name='org.jetbrains.annotations.NotNull'/>
        <annotation name='org.jetbrains.kannotator.runtime.annotations.Propagated'>
            <val name="value" val="{org.jetbrains.kannotator.controlFlow.builder.analysis.NullabilityKey.class}"/>
        </annotation>
    </item>
    <item name='com.google.android.gms.internal.zzbfn long[] zzx(android.os.Parcel, int) 0'>
        <annotation name='org.jetbrains.annotations.NotNull'/>
    </item>
    <item name='com.google.android.gms.internal.zzfiy zzplq'>
        <annotation name='org.jetbrains.annotations.NotNull'/>
    </item>
    <item name='com.google.android.gms.internal.zzffb com.google.android.gms.internal.zzffb zzg(byte[], int, int)'>
        <annotation name='org.jetbrains.annotations.NotNull'/>
    </item>
    <item name='com.google.android.gms.internal.zzbfn android.os.IBinder zzr(android.os.Parcel, int) 0'>
        <annotation name='org.jetbrains.annotations.NotNull'/>
    </item>
    <item name='com.google.android.gms.internal.zzfjn com.google.android.gms.internal.zzfjn&lt;M,T&gt; zza(int, java.lang.Class&lt;T&gt;, long)'>
        <annotation name='org.jetbrains.annotations.NotNull'/>
    </item>
    <item name='com.google.android.gms.internal.zzbey com.google.android.gms.internal.zzbey&lt;java.lang.String&gt; zzs(java.lang.String, java.lang.String)'>
        <annotation name='org.jetbrains.annotations.NotNull'/>
    </item>
    <item name='com.google.android.gms.internal.zzfes com.google.android.gms.internal.zzfes zze(byte[], int, int)'>
        <annotation name='org.jetbrains.annotations.NotNull'/>
    </item>
    <item name='com.google.android.gms.internal.zzffg int zzaz(com.google.android.gms.internal.zzfes) 0'>
        <annotation name='org.jetbrains.annotations.NotNull'/>
    </item>
    <item name='com.google.android.gms.internal.zzeu android.os.Parcel zzbe()'>
        <annotation name='org.jetbrains.annotations.NotNull'/>
    </item>
    <item name='com.google.android.gms.internal.zzfiy zzpmb'>
        <annotation name='org.jetbrains.annotations.NotNull'/>
    </item>
    <item name='com.google.android.gms.internal.zzffg int zzd(int, com.google.android.gms.internal.zzfhe) 1'>
        <annotation name='org.jetbrains.annotations.NotNull'/>
    </item>
    <item name='com.google.android.gms.internal.zzffb java.lang.String zzcwa()'>
        <annotation name='org.jetbrains.annotations.NotNull'/>
        <annotation name='org.jetbrains.kannotator.runtime.annotations.Propagated'>
            <val name="value" val="{org.jetbrains.kannotator.controlFlow.builder.analysis.NullabilityKey.class}"/>
        </annotation>
    </item>
    <item name='com.google.android.gms.internal.zzfjq zzpnk'>
        <annotation name='org.jetbrains.annotations.NotNull'/>
    </item>
    <item name='com.google.android.gms.internal.zzfjk int zzbg(byte[]) 0'>
        <annotation name='org.jetbrains.annotations.NotNull'/>
    </item>
    <item name='com.google.android.gms.internal.zzu zzax'>
        <annotation name='org.jetbrains.annotations.NotNull'/>
    </item>
    <item name='com.google.android.gms.internal.zzbfn short zzf(android.os.Parcel, int) 0'>
        <annotation name='org.jetbrains.annotations.NotNull'/>
    </item>
    <item name='com.google.android.gms.internal.zzfgy void putAll(java.util.Map&lt;? extends K,? extends V&gt;) 0'>
        <annotation name='org.jetbrains.annotations.NotNull'/>
    </item>
    <item name='com.google.android.gms.internal.zzah com.google.android.gms.internal.zzap zza(com.google.android.gms.internal.zzr&lt;?&gt;, java.util.Map&lt;java.lang.String,java.lang.String&gt;)'>
        <annotation name='org.jetbrains.annotations.NotNull'/>
        <annotation name='org.jetbrains.kannotator.runtime.annotations.Propagated'>
            <val name="value" val="{org.jetbrains.kannotator.controlFlow.builder.analysis.NullabilityKey.class}"/>
        </annotation>
    </item>
    <item name='com.google.android.gms.internal.zzfjn int zzcs(java.lang.Object) 0'>
        <annotation name='org.jetbrains.annotations.NotNull'/>
    </item>
    <item name='com.google.android.gms.internal.zzffu.zzf java.lang.Object zza(boolean, java.lang.Object, java.lang.Object) 1'>
        <annotation name='org.jetbrains.annotations.NotNull'/>
        <annotation name='org.jetbrains.kannotator.runtime.annotations.Propagated'>
            <val name="value" val="{org.jetbrains.kannotator.controlFlow.builder.analysis.NullabilityKey.class}"/>
        </annotation>
    </item>
    <item name='com.google.android.gms.internal.zzffu T zza(T, byte[]) 0'>
        <annotation name='org.jetbrains.annotations.NotNull'/>
    </item>
    <item name='com.google.android.gms.internal.zzfiy zzplp'>
        <annotation name='org.jetbrains.annotations.NotNull'/>
    </item>
    <item name='com.google.android.gms.internal.zzffu com.google.android.gms.internal.zzfgd&lt;E&gt; zzcxo()'>
        <annotation name='org.jetbrains.annotations.NotNull'/>
    </item>
    <item name='com.google.android.gms.internal.zzffg int zzo(int, java.lang.String) 1'>
        <annotation name='org.jetbrains.annotations.NotNull'/>
    </item>
    <item name='com.google.android.gms.internal.zzfek void zza(java.lang.Iterable&lt;T&gt;, java.util.List&lt;? super T&gt;) 1'>
        <annotation name='org.jetbrains.annotations.NotNull'/>
    </item>
    <item name='com.google.android.gms.internal.zzbfn T[] zzb(android.os.Parcel, int, android.os.Parcelable.Creator&lt;T&gt;) 0'>
        <annotation name='org.jetbrains.annotations.NotNull'/>
    </item>
    <item name='com.google.android.gms.internal.zzffu.zzh com.google.android.gms.internal.zzfgy&lt;K,V&gt; zza(com.google.android.gms.internal.zzfgy&lt;K,V&gt;, com.google.android.gms.internal.zzfgy&lt;K,V&gt;) 0'>
        <annotation name='org.jetbrains.annotations.NotNull'/>
        <annotation name='org.jetbrains.kannotator.runtime.annotations.Propagated'>
            <val name="value" val="{org.jetbrains.kannotator.controlFlow.builder.analysis.NullabilityKey.class}"/>
        </annotation>
    </item>
    <item name='com.google.android.gms.internal.zzffu.zza com.google.android.gms.internal.zzfhe zzcxq()'>
        <annotation name='org.jetbrains.annotations.NotNull'/>
    </item>
    <item name='com.google.android.gms.internal.zzfiy zzpma'>
        <annotation name='org.jetbrains.annotations.NotNull'/>
    </item>
    <item name='com.google.android.gms.internal.zzi void zzb(com.google.android.gms.internal.zzr&lt;?&gt;, com.google.android.gms.internal.zzw&lt;?&gt;) 0'>
        <annotation name='org.jetbrains.annotations.NotNull'/>
    </item>
    <item name='com.google.android.gms.internal.zzfjk com.google.android.gms.internal.zzfjk zzo(byte[], int, int)'>
        <annotation name='org.jetbrains.annotations.NotNull'/>
    </item>
    <item name='com.google.android.gms.internal.zzffu.zzh com.google.android.gms.internal.zzfgc zza(com.google.android.gms.internal.zzfgc, com.google.android.gms.internal.zzfgc) 1'>
        <annotation name='org.jetbrains.annotations.NotNull'/>
        <annotation name='org.jetbrains.kannotator.runtime.annotations.Propagated'>
            <val name="value" val="{org.jetbrains.kannotator.controlFlow.builder.analysis.NullabilityKey.class}"/>
        </annotation>
    </item>
    <item name='com.google.android.gms.internal.zzbfn java.lang.String zzq(android.os.Parcel, int) 0'>
        <annotation name='org.jetbrains.annotations.NotNull'/>
    </item>
    <item name='com.google.android.gms.internal.zzffz EMPTY_BYTE_ARRAY'>
        <annotation name='org.jetbrains.annotations.NotNull'/>
    </item>
    <item name='com.google.android.gms.internal.zzz void zzb(com.google.android.gms.internal.zzr&lt;?&gt;, com.google.android.gms.internal.zzw&lt;?&gt;) 0'>
        <annotation name='org.jetbrains.annotations.NotNull'/>
        <annotation name='org.jetbrains.kannotator.runtime.annotations.Propagated'>
            <val name="value" val="{org.jetbrains.kannotator.controlFlow.builder.analysis.NullabilityKey.class}"/>
        </annotation>
    </item>
    <item name='com.google.android.gms.internal.zzffu.zzh java.lang.Object zze(boolean, java.lang.Object, java.lang.Object) 1'>
        <annotation name='org.jetbrains.annotations.NotNull'/>
        <annotation name='org.jetbrains.kannotator.runtime.annotations.Propagated'>
            <val name="value" val="{org.jetbrains.kannotator.controlFlow.builder.analysis.NullabilityKey.class}"/>
        </annotation>
    </item>
    <item name='com.google.android.gms.internal.zzffu T zza(T, byte[]) 1'>
        <annotation name='org.jetbrains.annotations.NotNull'/>
    </item>
    <item name='com.google.android.gms.internal.zzfgv int zzb(int, K, V) 1'>
        <annotation name='org.jetbrains.annotations.NotNull'/>
    </item>
    <item name='com.google.android.gms.internal.zzffu.zzf com.google.android.gms.internal.zzfgy&lt;K,V&gt; zza(com.google.android.gms.internal.zzfgy&lt;K,V&gt;, com.google.android.gms.internal.zzfgy&lt;K,V&gt;) 1'>
        <annotation name='org.jetbrains.annotations.NotNull'/>
    </item>
    <item name='com.google.android.gms.internal.zzm com.google.android.gms.internal.zzp zzc(com.google.android.gms.internal.zzr&lt;?&gt;)'>
        <annotation name='org.jetbrains.annotations.NotNull'/>
        <annotation name='org.jetbrains.kannotator.runtime.annotations.Propagated'>
            <val name="value" val="{org.jetbrains.kannotator.controlFlow.builder.analysis.NullabilityKey.class}"/>
        </annotation>
    </item>
    <item name='com.google.android.gms.internal.zzffu.zzh java.lang.Object zze(boolean, java.lang.Object, java.lang.Object)'>
        <annotation name='org.jetbrains.annotations.NotNull'/>
        <annotation name='org.jetbrains.kannotator.runtime.annotations.Propagated'>
            <val name="value" val="{org.jetbrains.kannotator.controlFlow.builder.analysis.NullabilityKey.class}"/>
        </annotation>
    </item>
    <item name='com.google.android.gms.internal.zzbey com.google.android.gms.internal.zzbey&lt;java.lang.Long&gt; zza(java.lang.String, java.lang.Long)'>
        <annotation name='org.jetbrains.annotations.NotNull'/>
    </item>
    <item name='com.google.android.gms.internal.zzffu.zza BuilderType zza(MessageType) 0'>
        <annotation name='org.jetbrains.annotations.NotNull'/>
    </item>
    <item name='com.google.android.gms.internal.zzfjd zzpms'>
        <annotation name='org.jetbrains.annotations.NotNull'/>
    </item>
    <item name='com.google.android.gms.internal.zzi void zza(com.google.android.gms.internal.zzr&lt;?&gt;, com.google.android.gms.internal.zzw&lt;?&gt;, java.lang.Runnable) 0'>
        <annotation name='org.jetbrains.annotations.NotNull'/>
    </item>
    <item name='com.google.android.gms.internal.zzz void zza(com.google.android.gms.internal.zzr&lt;?&gt;, com.google.android.gms.internal.zzw&lt;?&gt;, java.lang.Runnable) 0'>
        <annotation name='org.jetbrains.annotations.NotNull'/>
        <annotation name='org.jetbrains.kannotator.runtime.annotations.Propagated'>
            <val name="value" val="{org.jetbrains.kannotator.controlFlow.builder.analysis.NullabilityKey.class}"/>
        </annotation>
    </item>
    <item name='com.google.android.gms.internal.zzbhb zzbhb(java.lang.String) 0'>
        <annotation name='org.jetbrains.annotations.NotNull'/>
    </item>
    <item name='com.google.android.gms.internal.zzffu.zza com.google.android.gms.internal.zzfhe zzcxv()'>
        <annotation name='org.jetbrains.annotations.NotNull'/>
    </item>
    <item name='com.google.android.gms.internal.zzffu.zzf java.lang.Object zze(boolean, java.lang.Object, java.lang.Object) 1'>
        <annotation name='org.jetbrains.annotations.NotNull'/>
        <annotation name='org.jetbrains.kannotator.runtime.annotations.Propagated'>
            <val name="value" val="{org.jetbrains.kannotator.controlFlow.builder.analysis.NullabilityKey.class}"/>
        </annotation>
    </item>
    <item name='com.google.android.gms.internal.zzffu.zzf com.google.android.gms.internal.zzfgd&lt;T&gt; zza(com.google.android.gms.internal.zzfgd&lt;T&gt;, com.google.android.gms.internal.zzfgd&lt;T&gt;)'>
        <annotation name='org.jetbrains.annotations.NotNull'/>
    </item>
    <item name='com.google.android.gms.internal.zzbfn android.os.Bundle zzs(android.os.Parcel, int) 0'>
        <annotation name='org.jetbrains.annotations.NotNull'/>
    </item>
    <item name='com.google.android.gms.internal.zzbfn java.math.BigDecimal zzp(android.os.Parcel, int) 0'>
        <annotation name='org.jetbrains.annotations.NotNull'/>
    </item>
    <item name='com.google.android.gms.internal.zzffu.zzh com.google.android.gms.internal.zzfgy&lt;K,V&gt; zza(com.google.android.gms.internal.zzfgy&lt;K,V&gt;, com.google.android.gms.internal.zzfgy&lt;K,V&gt;)'>
        <annotation name='org.jetbrains.annotations.NotNull'/>
        <annotation name='org.jetbrains.kannotator.runtime.annotations.Propagated'>
            <val name="value" val="{org.jetbrains.kannotator.controlFlow.builder.analysis.NullabilityKey.class}"/>
        </annotation>
    </item>
    <item name='com.google.android.gms.internal.zzffu.zza BuilderType zza(MessageType)'>
        <annotation name='org.jetbrains.annotations.NotNull'/>
    </item>
    <item name='com.google.android.gms.internal.zzfgv void zza(com.google.android.gms.internal.zzffg, int, K, V) 2'>
        <annotation name='org.jetbrains.annotations.NotNull'/>
    </item>
    <item name='com.google.android.gms.internal.zzfgu zzpik'>
        <annotation name='org.jetbrains.annotations.NotNull'/>
    </item>
    <item name='com.google.android.gms.internal.zzbfr T zza(android.content.Intent, java.lang.String, android.os.Parcelable.Creator&lt;T&gt;) 0'>
        <annotation name='org.jetbrains.annotations.NotNull'/>
    </item>
    <item name='com.google.android.gms.internal.zzffb com.google.android.gms.internal.zzffb zzi(java.io.InputStream)'>
        <annotation name='org.jetbrains.annotations.NotNull'/>
    </item>
    <item name='com.google.android.gms.internal.zzfjj byte[] readBytes()'>
        <annotation name='org.jetbrains.annotations.NotNull'/>
    </item>
    <item name='com.google.android.gms.internal.zzfel void zza(java.lang.Iterable&lt;T&gt;, java.util.List&lt;? super T&gt;) 0'>
        <annotation name='org.jetbrains.annotations.NotNull'/>
    </item>
    <item name='com.google.android.gms.internal.zzbfr T zza(byte[], android.os.Parcelable.Creator&lt;T&gt;) 1'>
        <annotation name='org.jetbrains.annotations.NotNull'/>
    </item>
    <item name='com.google.android.gms.internal.zzfjv zzpnp'>
        <annotation name='org.jetbrains.annotations.NotNull'/>
    </item>
    <item name='com.google.android.gms.internal.zzffu.zzh java.lang.String zza(boolean, java.lang.String, boolean, java.lang.String) 1'>
        <annotation name='org.jetbrains.annotations.NotNull'/>
        <annotation name='org.jetbrains.kannotator.runtime.annotations.Propagated'>
            <val name="value" val="{org.jetbrains.kannotator.controlFlow.builder.analysis.NullabilityKey.class}"/>
        </annotation>
    </item>
    <item name='com.google.android.gms.internal.zzbfn byte[][] zzu(android.os.Parcel, int) 0'>
        <annotation name='org.jetbrains.annotations.NotNull'/>
    </item>
    <item name='com.google.android.gms.internal.zzbfn int zzg(android.os.Parcel, int) 0'>
        <annotation name='org.jetbrains.annotations.NotNull'/>
    </item>
    <item name='com.google.android.gms.internal.zzffu.zzb java.lang.Object zze(com.google.android.gms.internal.zzffb, com.google.android.gms.internal.zzffm)'>
        <annotation name='org.jetbrains.annotations.NotNull'/>
    </item>
    <item name='com.google.android.gms.internal.zzfjd zzpmr'>
        <annotation name='org.jetbrains.annotations.NotNull'/>
    </item>
    <item name='com.google.android.gms.internal.zzffb com.google.android.gms.internal.zzffb zzbb(byte[])'>
        <annotation name='org.jetbrains.annotations.NotNull'/>
    </item>
    <item name='com.google.android.gms.internal.zzbfr byte[] zza(T) 0'>
        <annotation name='org.jetbrains.annotations.NotNull'/>
    </item>
    <item name='com.google.android.gms.internal.zzfes com.google.android.gms.internal.zzfes zzx(int, int)'>
        <annotation name='org.jetbrains.annotations.NotNull'/>
        <annotation name='org.jetbrains.kannotator.runtime.annotations.Propagated'>
            <val name="value" val="{org.jetbrains.kannotator.controlFlow.builder.analysis.NullabilityKey.class}"/>
        </annotation>
    </item>
    <item name='com.google.android.gms.internal.zzfgv com.google.android.gms.internal.zzfgv&lt;K,V&gt; zza(com.google.android.gms.internal.zzfiy, K, com.google.android.gms.internal.zzfiy, V)'>
        <annotation name='org.jetbrains.annotations.NotNull'/>
    </item>
    <item name='com.google.android.gms.internal.zzfgv void zza(com.google.android.gms.internal.zzffg, int, K, V) 3'>
        <annotation name='org.jetbrains.annotations.NotNull'/>
    </item>
    <item name='com.google.android.gms.internal.zzfgu zzpil'>
        <annotation name='org.jetbrains.annotations.NotNull'/>
    </item>
    <item name='com.google.android.gms.internal.zzffg int zzc(int, com.google.android.gms.internal.zzfhe) 1'>
        <annotation name='org.jetbrains.annotations.NotNull'/>
    </item>
    <item name='com.google.android.gms.internal.zzffg int zza(com.google.android.gms.internal.zzfgk) 0'>
        <annotation name='org.jetbrains.annotations.NotNull'/>
    </item>
    <item name='com.google.android.gms.internal.zzr com.google.android.gms.internal.zzr&lt;?&gt; zza(com.google.android.gms.internal.zzc)'>
        <annotation name='org.jetbrains.annotations.NotNull'/>
    </item>
    <item name='com.google.android.gms.internal.zzfel void zza(java.lang.Iterable&lt;T&gt;, java.util.List&lt;? super T&gt;) 1'>
        <annotation name='org.jetbrains.annotations.NotNull'/>
    </item>
    <item name='com.google.android.gms.internal.zzah com.google.android.gms.internal.zzap zza(com.google.android.gms.internal.zzr&lt;?&gt;, java.util.Map&lt;java.lang.String,java.lang.String&gt;) 0'>
        <annotation name='org.jetbrains.annotations.NotNull'/>
        <annotation name='org.jetbrains.kannotator.runtime.annotations.Propagated'>
            <val name="value" val="{org.jetbrains.kannotator.controlFlow.builder.analysis.NullabilityKey.class}"/>
        </annotation>
    </item>
    <item name='com.google.android.gms.internal.zzdmy T checkNotNull(T)'>
        <annotation name='org.jetbrains.annotations.NotNull'/>
    </item>
    <item name='com.google.android.gms.internal.zzffu.zzh com.google.android.gms.internal.zzfes zza(boolean, com.google.android.gms.internal.zzfes, boolean, com.google.android.gms.internal.zzfes)'>
        <annotation name='org.jetbrains.annotations.NotNull'/>
        <annotation name='org.jetbrains.kannotator.runtime.annotations.Propagated'>
            <val name="value" val="{org.jetbrains.kannotator.controlFlow.builder.analysis.NullabilityKey.class}"/>
        </annotation>
    </item>
    <item name='com.google.android.gms.internal.zzfjv zzpnq'>
        <annotation name='org.jetbrains.annotations.NotNull'/>
    </item>
    <item name='com.google.android.gms.internal.zzfel BuilderType zza(MessageType) 0'>
        <annotation name='org.jetbrains.annotations.NotNull'/>
        <annotation name='org.jetbrains.kannotator.runtime.annotations.Propagated'>
            <val name="value" val="{org.jetbrains.kannotator.controlFlow.builder.analysis.NullabilityKey.class}"/>
        </annotation>
    </item>
    <item name='com.google.android.gms.internal.zzfes com.google.android.gms.internal.zzfes zzaz(byte[]) 0'>
        <annotation name='org.jetbrains.annotations.NotNull'/>
    </item>
    <item name='com.google.android.gms.internal.zzew void zza(android.os.Parcel, boolean) 0'>
        <annotation name='org.jetbrains.annotations.NotNull'/>
    </item>
    <item name='com.google.android.gms.internal.zzffu.zzh com.google.android.gms.internal.zzfgc zza(com.google.android.gms.internal.zzfgc, com.google.android.gms.internal.zzfgc) 0'>
        <annotation name='org.jetbrains.annotations.NotNull'/>
        <annotation name='org.jetbrains.kannotator.runtime.annotations.Propagated'>
            <val name="value" val="{org.jetbrains.kannotator.controlFlow.builder.analysis.NullabilityKey.class}"/>
        </annotation>
    </item>
    <item name='com.google.android.gms.internal.zzfjd zzpmq'>
        <annotation name='org.jetbrains.annotations.NotNull'/>
    </item>
    <item name='com.google.android.gms.internal.zzfjj java.lang.String readString()'>
        <annotation name='org.jetbrains.annotations.NotNull'/>
    </item>
    <item name='com.google.android.gms.internal.zzbfn android.os.Parcel zzad(android.os.Parcel, int) 0'>
        <annotation name='org.jetbrains.annotations.NotNull'/>
    </item>
    <item name='com.google.android.gms.internal.zzfjs byte[] zzc(com.google.android.gms.internal.zzfjs) 0'>
        <annotation name='org.jetbrains.annotations.NotNull'/>
    </item>
    <item name='com.google.android.gms.internal.zzffu.zzf com.google.android.gms.internal.zzfgc zza(com.google.android.gms.internal.zzfgc, com.google.android.gms.internal.zzfgc) 1'>
        <annotation name='org.jetbrains.annotations.NotNull'/>
    </item>
    <item name='com.google.android.gms.internal.zzfep com.google.android.gms.internal.zzfep zzcvk()'>
        <annotation name='org.jetbrains.annotations.NotNull'/>
    </item>
    <item name='com.google.android.gms.internal.zzau com.google.android.gms.internal.zzw&lt;java.lang.String&gt; zza(com.google.android.gms.internal.zzp)'>
        <annotation name='org.jetbrains.annotations.NotNull'/>
    </item>
    <item name='com.google.android.gms.internal.zzfjk void zza(int, com.google.android.gms.internal.zzfjs) 1'>
        <annotation name='org.jetbrains.annotations.NotNull'/>
    </item>
    <item name='com.google.android.gms.internal.zzffg int zzf(com.google.android.gms.internal.zzfhe) 0'>
        <annotation name='org.jetbrains.annotations.NotNull'/>
    </item>
    <item name='com.google.android.gms.internal.zzbfn java.lang.String[] zzaa(android.os.Parcel, int) 0'>
        <annotation name='org.jetbrains.annotations.NotNull'/>
    </item>
    <item name='com.google.android.gms.internal.zzffu.zzh java.lang.Object zza(boolean, java.lang.Object, java.lang.Object)'>
        <annotation name='org.jetbrains.annotations.NotNull'/>
        <annotation name='org.jetbrains.kannotator.runtime.annotations.Propagated'>
            <val name="value" val="{org.jetbrains.kannotator.controlFlow.builder.analysis.NullabilityKey.class}"/>
        </annotation>
    </item>
    <item name='com.google.android.gms.internal.zzfjv zzpnr'>
        <annotation name='org.jetbrains.annotations.NotNull'/>
    </item>
    <item name='com.google.android.gms.internal.zzfjj com.google.android.gms.internal.zzfjj zzbe(byte[])'>
        <annotation name='org.jetbrains.annotations.NotNull'/>
    </item>
    <item name='com.google.android.gms.internal.zzeu void zzc(int, android.os.Parcel) 1'>
        <annotation name='org.jetbrains.annotations.NotNull'/>
    </item>
    <item name='com.google.android.gms.internal.zzfjk int zzb(int, com.google.android.gms.internal.zzfjs) 1'>
        <annotation name='org.jetbrains.annotations.NotNull'/>
    </item>
    <item name='com.google.android.gms.internal.zzfek byte[] toByteArray()'>
        <annotation name='org.jetbrains.annotations.NotNull'/>
    </item>
    <item name='com.google.android.gms.internal.zzfjs T zza(T, byte[]) 1'>
        <annotation name='org.jetbrains.annotations.NotNull'/>
    </item>
    <item name='com.google.android.gms.internal.zzfjd zzpmp'>
        <annotation name='org.jetbrains.annotations.NotNull'/>
    </item>
    <item name='com.google.android.gms.internal.zzbfp void zzai(android.os.Parcel, int) 0'>
        <annotation name='org.jetbrains.annotations.NotNull'/>
    </item>
    <item name='com.google.android.gms.internal.zzffg com.google.android.gms.internal.zzffg zzh(byte[], int, int) 0'>
        <annotation name='org.jetbrains.annotations.NotNull'/>
    </item>
    <item name='com.google.android.gms.internal.zzai com.google.android.gms.internal.zzp zzc(com.google.android.gms.internal.zzr&lt;?&gt;) 0'>
        <annotation name='org.jetbrains.annotations.NotNull'/>
    </item>
    <item name='com.google.android.gms.internal.zzfhf com.google.android.gms.internal.zzfhf zzb(com.google.android.gms.internal.zzffb, com.google.android.gms.internal.zzffm)'>
        <annotation name='org.jetbrains.annotations.NotNull'/>
        <annotation name='org.jetbrains.kannotator.runtime.annotations.Propagated'>
            <val name="value" val="{org.jetbrains.kannotator.controlFlow.builder.analysis.NullabilityKey.class}"/>
        </annotation>
    </item>
    <item name='com.google.android.gms.internal.zzffu.zzf com.google.android.gms.internal.zzfgc zza(com.google.android.gms.internal.zzfgc, com.google.android.gms.internal.zzfgc) 0'>
        <annotation name='org.jetbrains.annotations.NotNull'/>
    </item>
    <item name='com.google.android.gms.internal.zzffu.zza zza(MessageType) 0'>
        <annotation name='org.jetbrains.annotations.NotNull'/>
    </item>
    <item name='com.google.android.gms.internal.zzffu.zzh java.lang.Object zzd(boolean, java.lang.Object, java.lang.Object) 1'>
        <annotation name='org.jetbrains.annotations.NotNull'/>
        <annotation name='org.jetbrains.kannotator.runtime.annotations.Propagated'>
            <val name="value" val="{org.jetbrains.kannotator.controlFlow.builder.analysis.NullabilityKey.class}"/>
        </annotation>
    </item>
    <item name='com.google.android.gms.internal.zzffu void zza(com.google.android.gms.internal.zzffg) 0'>
        <annotation name='org.jetbrains.annotations.NotNull'/>
    </item>
    <item name='com.google.android.gms.internal.zzbfp void zza(android.os.Parcel, int, double) 0'>
        <annotation name='org.jetbrains.annotations.NotNull'/>
    </item>
    <item name='com.google.android.gms.internal.zzfgu zzpij'>
        <annotation name='org.jetbrains.annotations.NotNull'/>
    </item>
    <item name='com.google.android.gms.internal.zzev android.os.IBinder asBinder()'>
        <annotation name='org.jetbrains.annotations.NotNull'/>
    </item>
    <item name='com.google.android.gms.internal.zzffu.zza MessageType zzcxt()'>
        <annotation name='org.jetbrains.annotations.NotNull'/>
    </item>
    <item name='com.google.android.gms.internal.zzew T zza(android.os.Parcel, android.os.Parcelable.Creator&lt;T&gt;) 0'>
        <annotation name='org.jetbrains.annotations.NotNull'/>
    </item>
    <item name='com.google.android.gms.internal.zzbfr T zza(byte[], android.os.Parcelable.Creator&lt;T&gt;) 0'>
        <annotation name='org.jetbrains.annotations.NotNull'/>
    </item>
    <item name='com.google.android.gms.internal.zzfjv zzpns'>
        <annotation name='org.jetbrains.annotations.NotNull'/>
    </item>
    <item name='com.google.android.gms.internal.zzr com.google.android.gms.internal.zzr&lt;?&gt; zza(int)'>
        <annotation name='org.jetbrains.annotations.NotNull'/>
    </item>
    <item name='com.google.android.gms.internal.zzffg int zzc(int, com.google.android.gms.internal.zzfes) 1'>
        <annotation name='org.jetbrains.annotations.NotNull'/>
    </item>
    <item name='com.google.android.gms.internal.zzbfn float[] zzy(android.os.Parcel, int) 0'>
        <annotation name='org.jetbrains.annotations.NotNull'/>
    </item>
    <item name='com.google.android.gms.internal.zzffg com.google.android.gms.internal.zzffg zzbc(byte[]) 0'>
        <annotation name='org.jetbrains.annotations.NotNull'/>
    </item>
    <item name='com.google.android.gms.internal.zzbfn int[] zzw(android.os.Parcel, int) 0'>
        <annotation name='org.jetbrains.annotations.NotNull'/>
    </item>
    <item name='com.google.android.gms.internal.zzr com.google.android.gms.internal.zzw&lt;T&gt; zza(com.google.android.gms.internal.zzp) 0'>
        <annotation name='org.jetbrains.annotations.NotNull'/>
        <annotation name='org.jetbrains.kannotator.runtime.annotations.Propagated'>
            <val name="value" val="{org.jetbrains.kannotator.controlFlow.builder.analysis.NullabilityKey.class}"/>
        </annotation>
    </item>
    <item name='com.google.android.gms.internal.zzfhe byte[] toByteArray()'>
        <annotation name='org.jetbrains.annotations.NotNull'/>
        <annotation name='org.jetbrains.kannotator.runtime.annotations.Propagated'>
            <val name="value" val="{org.jetbrains.kannotator.controlFlow.builder.analysis.NullabilityKey.class}"/>
        </annotation>
    </item>
    <item name='com.google.android.gms.internal.zzfjd zzpmo'>
        <annotation name='org.jetbrains.annotations.NotNull'/>
    </item>
    <item name='com.google.android.gms.internal.zzfjs T zza(T, byte[]) 0'>
        <annotation name='org.jetbrains.annotations.NotNull'/>
    </item>
    <item name='com.google.android.gms.internal.zzffg com.google.android.gms.internal.zzffg zzb(java.io.OutputStream, int) 0'>
        <annotation name='org.jetbrains.annotations.NotNull'/>
    </item>
    <item name='com.google.android.gms.internal.zzffu.zzf java.lang.Object zzd(boolean, java.lang.Object, java.lang.Object) 1'>
        <annotation name='org.jetbrains.annotations.NotNull'/>
        <annotation name='org.jetbrains.kannotator.runtime.annotations.Propagated'>
            <val name="value" val="{org.jetbrains.kannotator.controlFlow.builder.analysis.NullabilityKey.class}"/>
        </annotation>
    </item>
    <item name='com.google.android.gms.internal.zzbfp void zza(android.os.Parcel, int, long) 0'>
        <annotation name='org.jetbrains.annotations.NotNull'/>
    </item>
    <item name='com.google.android.gms.internal.zzffu.zzh java.lang.Object zzf(boolean, java.lang.Object, java.lang.Object)'>
        <annotation name='org.jetbrains.annotations.NotNull'/>
        <annotation name='org.jetbrains.kannotator.runtime.annotations.Propagated'>
            <val name="value" val="{org.jetbrains.kannotator.controlFlow.builder.analysis.NullabilityKey.class}"/>
        </annotation>
    </item>
    <item name='com.google.android.gms.internal.zzfgv void zza(com.google.android.gms.internal.zzffg, int, K, V) 0'>
        <annotation name='org.jetbrains.annotations.NotNull'/>
    </item>
</root>
